culture,target_pct,anglicised_pct_pre1975,anglicised_pct_post1975,weight,lo,hi
anglo,52,100,100,45.3906,0,5247463
chinese,10,30,50,8.70312,5247463,6253604
indian,5,5,12,4.8125,6253604,6809962
italian,4,15,60,3.82812,6809962,7252520
vietnamese,3,20,45,2.90625,7252520,7588503
lebanese,3,20,40,2.92188,7588503,7926292
greek,3,20,50,2.90625,7926292,8262275
korean,2,15,30,1.73438,8262275,8462781
filipino,2,35,50,1.875,8462781,8679545
german,2.5,30,55,2.3125,8679545,8946887
spanish,2,20,40,1.875,8946887,9163651
croatian,1.5,25,55,1.46875,9163651,9333449
dutch,1.5,40,60,1.375,9333449,9492409
portuguese,1,20,40,0.953125,9492409,9602598
french,1,15,30,0.859375,9602598,9701948
japanese,1,10,20,0.734375,9701948,9786848
indonesian,1,15,30,0.890625,9786848,9889811
turkish,1,10,25,0.953125,9889811,10000000
