culture,age_band,domain,weight,lo,hi
anglo,under_35,gmail.com,56,0,5818169
anglo,under_35,outlook.com,8,5818169,6649337
anglo,under_35,hotmail.com,7,6649337,7376609
anglo,under_35,hotmail.com.au,0.8,7376609,7459727
anglo,under_35,live.com.au,1,7459727,7563624
anglo,under_35,live.com,0.5,7563624,7615573
anglo,under_35,outlook.com.au,1,7615573,7719470
anglo,under_35,icloud.com,16,7719470,9381805
anglo,under_35,me.com,0.2,9381805,9402585
anglo,under_35,yahoo.com,1.5,9402585,9558430
anglo,under_35,yahoo.com.au,1,9558430,9662327
anglo,under_35,ymail.com,0.2,9662327,9683107
anglo,under_35,bigpond.com,0.4,9683107,9724666
anglo,under_35,bigpond.net.au,0.1,9724666,9735056
anglo,under_35,optusnet.com.au,0.3,9735056,9766226
anglo,under_35,iinet.net.au,0.2,9766226,9787006
anglo,under_35,tpg.com.au,0.2,9787006,9807786
anglo,under_35,internode.on.net,0.05,9807786,9812982
anglo,under_35,westnet.com.au,0.05,9812982,9818178
anglo,under_35,aol.com,0.05,9818178,9823374
anglo,under_35,protonmail.com,1,9823374,9927271
anglo,under_35,hotmail.co.uk,0.4,9927271,9968830
anglo,under_35,y7mail.com,0.2,9968830,9989610
anglo,under_35,xtra.co.nz,0.1,9989610,10000000
anglo,35_to_54,gmail.com,46,0,4684307
anglo,35_to_54,outlook.com,8,4684307,5498970
anglo,35_to_54,hotmail.com,10,5498970,6517298
anglo,35_to_54,hotmail.com.au,2,6517298,6720965
anglo,35_to_54,live.com.au,2,6720965,6924632
anglo,35_to_54,live.com,1,6924632,7026466
anglo,35_to_54,outlook.com.au,1,7026466,7128300
anglo,35_to_54,icloud.com,12,7128300,8350294
anglo,35_to_54,me.com,1,8350294,8452128
anglo,35_to_54,yahoo.com,3,8452128,8757627
anglo,35_to_54,yahoo.com.au,3,8757627,9063126
anglo,35_to_54,ymail.com,0.5,9063126,9114043
anglo,35_to_54,bigpond.com,2,9114043,9317709
anglo,35_to_54,bigpond.net.au,0.8,9317709,9399176
anglo,35_to_54,optusnet.com.au,1.5,9399176,9551926
anglo,35_to_54,iinet.net.au,1,9551926,9653760
anglo,35_to_54,tpg.com.au,1,9653760,9755594
anglo,35_to_54,internode.on.net,0.3,9755594,9786145
anglo,35_to_54,westnet.com.au,0.2,9786145,9806513
anglo,35_to_54,aol.com,0.2,9806513,9826881
anglo,35_to_54,protonmail.com,0.5,9826881,9877798
anglo,35_to_54,hotmail.co.uk,0.5,9877798,9928715
anglo,35_to_54,y7mail.com,0.4,9928715,9969449
anglo,35_to_54,xtra.co.nz,0.3,9969449,10000000
anglo,55_plus,gmail.com,30,0,3154568
anglo,55_plus,outlook.com,6,3154568,3785482
anglo,55_plus,hotmail.com,10,3785482,4837005
anglo,55_plus,hotmail.com.au,2,4837005,5047310
anglo,55_plus,live.com.au,1.5,5047310,5205039
anglo,55_plus,live.com,1,5205039,5310192
anglo,55_plus,outlook.com.au,0.8,5310192,5394315
anglo,55_plus,icloud.com,6,5394315,6025229
anglo,55_plus,me.com,1,6025229,6130382
anglo,55_plus,yahoo.com,4.5,6130382,6603568
anglo,55_plus,yahoo.com.au,5,6603568,7129330
anglo,55_plus,ymail.com,0.3,7129330,7160877
anglo,55_plus,bigpond.com,9,7160877,8107248
anglo,55_plus,bigpond.net.au,3.5,8107248,8475282
anglo,55_plus,optusnet.com.au,5,8475282,9001044
anglo,55_plus,iinet.net.au,3,9001044,9316502
anglo,55_plus,tpg.com.au,2.5,9316502,9579384
anglo,55_plus,internode.on.net,1,9579384,9684537
anglo,55_plus,westnet.com.au,0.7,9684537,9758145
anglo,55_plus,aol.com,0.6,9758145,9821237
anglo,55_plus,protonmail.com,0.1,9821237,9831753
anglo,55_plus,hotmail.co.uk,0.5,9831753,9884330
anglo,55_plus,y7mail.com,0.3,9884330,9915877
anglo,55_plus,xtra.co.nz,0.8,9915877,10000000
chinese,under_35,gmail.com,56,0,5270575
chinese,under_35,outlook.com,8,5270575,6023515
chinese,under_35,hotmail.com,7,6023515,6682338
chinese,under_35,hotmail.com.au,0.8,6682338,6757633
chinese,under_35,live.com.au,1,6757633,6851751
chinese,under_35,live.com,0.5,6851751,6898811
chinese,under_35,outlook.com.au,1,6898811,6992929
chinese,under_35,icloud.com,16,6992929,8498808
chinese,under_35,me.com,0.2,8498808,8517633
chinese,under_35,yahoo.com,1.5,8517633,8658810
chinese,under_35,yahoo.com.au,1,8658810,8752928
chinese,under_35,ymail.com,0.2,8752928,8771753
chinese,under_35,bigpond.com,0.4,8771753,8809401
chinese,under_35,bigpond.net.au,0.1,8809401,8818814
chinese,under_35,optusnet.com.au,0.3,8818814,8847050
chinese,under_35,iinet.net.au,0.2,8847050,8865874
chinese,under_35,tpg.com.au,0.2,8865874,8884698
chinese,under_35,internode.on.net,0.05,8884698,8889405
chinese,under_35,westnet.com.au,0.05,8889405,8894112
chinese,under_35,aol.com,0.05,8894112,8898819
chinese,under_35,protonmail.com,1,8898819,8992937
chinese,under_35,hotmail.co.uk,0.4,8992937,9030585
chinese,under_35,y7mail.com,0.2,9030585,9049409
chinese,under_35,qq.com,7,9049409,9708232
chinese,under_35,163.com,2.5,9708232,9943527
chinese,under_35,126.com,0.5,9943527,9990587
chinese,under_35,xtra.co.nz,0.1,9990587,10000000
chinese,35_to_54,gmail.com,46,0,4251376
chinese,35_to_54,outlook.com,8,4251376,4990747
chinese,35_to_54,hotmail.com,10,4990747,5914960
chinese,35_to_54,hotmail.com.au,2,5914960,6099803
chinese,35_to_54,live.com.au,2,6099803,6284646
chinese,35_to_54,live.com,1,6284646,6377068
chinese,35_to_54,outlook.com.au,1,6377068,6469490
chinese,35_to_54,icloud.com,12,6469490,7578545
chinese,35_to_54,me.com,1,7578545,7670967
chinese,35_to_54,yahoo.com,3,7670967,7948232
chinese,35_to_54,yahoo.com.au,3,7948232,8225497
chinese,35_to_54,ymail.com,0.5,8225497,8271709
chinese,35_to_54,bigpond.com,2,8271709,8456552
chinese,35_to_54,bigpond.net.au,0.8,8456552,8530490
chinese,35_to_54,optusnet.com.au,1.5,8530490,8669123
chinese,35_to_54,iinet.net.au,1,8669123,8761545
chinese,35_to_54,tpg.com.au,1,8761545,8853967
chinese,35_to_54,internode.on.net,0.3,8853967,8881694
chinese,35_to_54,westnet.com.au,0.2,8881694,8900179
chinese,35_to_54,aol.com,0.2,8900179,8918664
chinese,35_to_54,protonmail.com,0.5,8918664,8964876
chinese,35_to_54,hotmail.co.uk,0.5,8964876,9011088
chinese,35_to_54,y7mail.com,0.4,9011088,9048058
chinese,35_to_54,qq.com,6,9048058,9602586
chinese,35_to_54,163.com,3,9602586,9879851
chinese,35_to_54,126.com,1,9879851,9972273
chinese,35_to_54,xtra.co.nz,0.3,9972273,10000000
chinese,55_plus,gmail.com,30,0,2973234
chinese,55_plus,outlook.com,6,2973234,3567882
chinese,55_plus,hotmail.com,10,3567882,4558961
chinese,55_plus,hotmail.com.au,2,4558961,4757177
chinese,55_plus,live.com.au,1.5,4757177,4905840
chinese,55_plus,live.com,1,4905840,5004949
chinese,55_plus,outlook.com.au,0.8,5004949,5084236
chinese,55_plus,icloud.com,6,5084236,5678884
chinese,55_plus,me.com,1,5678884,5777993
chinese,55_plus,yahoo.com,4.5,5777993,6223979
chinese,55_plus,yahoo.com.au,5,6223979,6719519
chinese,55_plus,ymail.com,0.3,6719519,6749252
chinese,55_plus,bigpond.com,9,6749252,7641223
chinese,55_plus,bigpond.net.au,3.5,7641223,7988101
chinese,55_plus,optusnet.com.au,5,7988101,8483641
chinese,55_plus,iinet.net.au,3,8483641,8780965
chinese,55_plus,tpg.com.au,2.5,8780965,9028735
chinese,55_plus,internode.on.net,1,9028735,9127844
chinese,55_plus,westnet.com.au,0.7,9127844,9197220
chinese,55_plus,aol.com,0.6,9197220,9256686
chinese,55_plus,protonmail.com,0.1,9256686,9266598
chinese,55_plus,hotmail.co.uk,0.5,9266598,9316153
chinese,55_plus,y7mail.com,0.3,9316153,9345886
chinese,55_plus,qq.com,3,9345886,9643210
chinese,55_plus,163.com,2,9643210,9841426
chinese,55_plus,126.com,0.8,9841426,9920713
chinese,55_plus,xtra.co.nz,0.8,9920713,10000000
indian,under_35,gmail.com,56,0,5788100
indian,under_35,outlook.com,8,5788100,6614972
indian,under_35,hotmail.com,7,6614972,7338485
indian,under_35,hotmail.com.au,0.8,7338485,7421173
indian,under_35,live.com.au,1,7421173,7524533
indian,under_35,live.com,0.5,7524533,7576213
indian,under_35,outlook.com.au,1,7576213,7679573
indian,under_35,icloud.com,16,7679573,9333317
indian,under_35,me.com,0.2,9333317,9353990
indian,under_35,yahoo.com,1.5,9353990,9509029
indian,under_35,yahoo.com.au,1,9509029,9612389
indian,under_35,ymail.com,0.2,9612389,9633062
indian,under_35,bigpond.com,0.4,9633062,9674407
indian,under_35,bigpond.net.au,0.1,9674407,9684744
indian,under_35,optusnet.com.au,0.3,9684744,9715753
indian,under_35,iinet.net.au,0.2,9715753,9736426
indian,under_35,tpg.com.au,0.2,9736426,9757099
indian,under_35,internode.on.net,0.05,9757099,9762268
indian,under_35,westnet.com.au,0.05,9762268,9767437
indian,under_35,aol.com,0.05,9767437,9772606
indian,under_35,protonmail.com,1,9772606,9875966
indian,under_35,hotmail.co.uk,0.4,9875966,9917310
indian,under_35,y7mail.com,0.2,9917310,9937983
indian,under_35,rediffmail.com,0.5,9937983,9989663
indian,under_35,xtra.co.nz,0.1,9989663,10000000
indian,35_to_54,gmail.com,46,0,4590808
indian,35_to_54,outlook.com,8,4590808,5389210
indian,35_to_54,hotmail.com,10,5389210,6387213
indian,35_to_54,hotmail.com.au,2,6387213,6586815
indian,35_to_54,live.com.au,2,6586815,6786416
indian,35_to_54,live.com,1,6786416,6886217
indian,35_to_54,outlook.com.au,1,6886217,6986018
indian,35_to_54,icloud.com,12,6986018,8183621
indian,35_to_54,me.com,1,8183621,8283422
indian,35_to_54,yahoo.com,3,8283422,8582824
indian,35_to_54,yahoo.com.au,3,8582824,8882226
indian,35_to_54,ymail.com,0.5,8882226,8932127
indian,35_to_54,bigpond.com,2,8932127,9131728
indian,35_to_54,bigpond.net.au,0.8,9131728,9211569
indian,35_to_54,optusnet.com.au,1.5,9211569,9361270
indian,35_to_54,iinet.net.au,1,9361270,9461071
indian,35_to_54,tpg.com.au,1,9461071,9560872
indian,35_to_54,internode.on.net,0.3,9560872,9590813
indian,35_to_54,westnet.com.au,0.2,9590813,9610774
indian,35_to_54,aol.com,0.2,9610774,9630735
indian,35_to_54,protonmail.com,0.5,9630735,9680636
indian,35_to_54,hotmail.co.uk,0.5,9680636,9730537
indian,35_to_54,y7mail.com,0.4,9730537,9770458
indian,35_to_54,rediffmail.com,2,9770458,9970059
indian,35_to_54,xtra.co.nz,0.3,9970059,10000000
indian,55_plus,gmail.com,30,0,3058097
indian,55_plus,outlook.com,6,3058097,3669717
indian,55_plus,hotmail.com,10,3669717,4689083
indian,55_plus,hotmail.com.au,2,4689083,4892957
indian,55_plus,live.com.au,1.5,4892957,5045863
indian,55_plus,live.com,1,5045863,5147801
indian,55_plus,outlook.com.au,0.8,5147801,5229351
indian,55_plus,icloud.com,6,5229351,5840971
indian,55_plus,me.com,1,5840971,5942909
indian,55_plus,yahoo.com,4.5,5942909,6401624
indian,55_plus,yahoo.com.au,5,6401624,6911308
indian,55_plus,ymail.com,0.3,6911308,6941890
indian,55_plus,bigpond.com,9,6941890,7859320
indian,55_plus,bigpond.net.au,3.5,7859320,8216099
indian,55_plus,optusnet.com.au,5,8216099,8725783
indian,55_plus,iinet.net.au,3,8725783,9031594
indian,55_plus,tpg.com.au,2.5,9031594,9286436
indian,55_plus,internode.on.net,1,9286436,9388373
indian,55_plus,westnet.com.au,0.7,9388373,9459730
indian,55_plus,aol.com,0.6,9459730,9520893
indian,55_plus,protonmail.com,0.1,9520893,9531088
indian,55_plus,hotmail.co.uk,0.5,9531088,9582057
indian,55_plus,y7mail.com,0.3,9582057,9612639
indian,55_plus,rediffmail.com,3,9612639,9918450
indian,55_plus,xtra.co.nz,0.8,9918450,10000000
italian,under_35,gmail.com,56,0,5758341
italian,under_35,outlook.com,8,5758341,6580962
italian,under_35,hotmail.com,7,6580962,7300756
italian,under_35,hotmail.com.au,0.8,7300756,7383019
italian,under_35,live.com.au,1,7383019,7485848
italian,under_35,live.com,0.5,7485848,7537263
italian,under_35,outlook.com.au,1,7537263,7640092
italian,under_35,icloud.com,16,7640092,9285333
italian,under_35,me.com,0.2,9285333,9305900
italian,under_35,yahoo.com,1.5,9305900,9460142
italian,under_35,yahoo.com.au,1,9460142,9562971
italian,under_35,ymail.com,0.2,9562971,9583537
italian,under_35,bigpond.com,0.4,9583537,9624669
italian,under_35,bigpond.net.au,0.1,9624669,9634953
italian,under_35,optusnet.com.au,0.3,9634953,9665802
italian,under_35,iinet.net.au,0.2,9665802,9686368
italian,under_35,tpg.com.au,0.2,9686368,9706934
italian,under_35,internode.on.net,0.05,9706934,9712076
italian,under_35,westnet.com.au,0.05,9712076,9717218
italian,under_35,aol.com,0.05,9717218,9722360
italian,under_35,protonmail.com,1,9722360,9825189
italian,under_35,hotmail.co.uk,0.4,9825189,9866321
italian,under_35,y7mail.com,0.2,9866321,9886887
italian,under_35,libero.it,1,9886887,9989716
italian,under_35,xtra.co.nz,0.1,9989716,10000000
italian,35_to_54,gmail.com,46,0,4590808
italian,35_to_54,outlook.com,8,4590808,5389210
italian,35_to_54,hotmail.com,10,5389210,6387213
italian,35_to_54,hotmail.com.au,2,6387213,6586815
italian,35_to_54,live.com.au,2,6586815,6786416
italian,35_to_54,live.com,1,6786416,6886217
italian,35_to_54,outlook.com.au,1,6886217,6986018
italian,35_to_54,icloud.com,12,6986018,8183621
italian,35_to_54,me.com,1,8183621,8283422
italian,35_to_54,yahoo.com,3,8283422,8582824
italian,35_to_54,yahoo.com.au,3,8582824,8882226
italian,35_to_54,ymail.com,0.5,8882226,8932127
italian,35_to_54,bigpond.com,2,8932127,9131728
italian,35_to_54,bigpond.net.au,0.8,9131728,9211569
italian,35_to_54,optusnet.com.au,1.5,9211569,9361270
italian,35_to_54,iinet.net.au,1,9361270,9461071
italian,35_to_54,tpg.com.au,1,9461071,9560872
italian,35_to_54,internode.on.net,0.3,9560872,9590813
italian,35_to_54,westnet.com.au,0.2,9590813,9610774
italian,35_to_54,aol.com,0.2,9610774,9630735
italian,35_to_54,protonmail.com,0.5,9630735,9680636
italian,35_to_54,hotmail.co.uk,0.5,9680636,9730537
italian,35_to_54,y7mail.com,0.4,9730537,9770458
italian,35_to_54,libero.it,2,9770458,9970059
italian,35_to_54,xtra.co.nz,0.3,9970059,10000000
italian,55_plus,gmail.com,30,0,3089592
italian,55_plus,outlook.com,6,3089592,3707511
italian,55_plus,hotmail.com,10,3707511,4737376
italian,55_plus,hotmail.com.au,2,4737376,4943350
italian,55_plus,live.com.au,1.5,4943350,5097830
italian,55_plus,live.com,1,5097830,5200817
italian,55_plus,outlook.com.au,0.8,5200817,5283207
italian,55_plus,icloud.com,6,5283207,5901126
italian,55_plus,me.com,1,5901126,6004113
italian,55_plus,yahoo.com,4.5,6004113,6467553
italian,55_plus,yahoo.com.au,5,6467553,6982486
italian,55_plus,ymail.com,0.3,6982486,7013383
italian,55_plus,bigpond.com,9,7013383,7940261
italian,55_plus,bigpond.net.au,3.5,7940261,8300714
italian,55_plus,optusnet.com.au,5,8300714,8815647
italian,55_plus,iinet.net.au,3,8815647,9124607
italian,55_plus,tpg.com.au,2.5,9124607,9382074
italian,55_plus,internode.on.net,1,9382074,9485061
italian,55_plus,westnet.com.au,0.7,9485061,9557152
italian,55_plus,aol.com,0.6,9557152,9618945
italian,55_plus,protonmail.com,0.1,9618945,9629245
italian,55_plus,hotmail.co.uk,0.5,9629245,9680739
italian,55_plus,y7mail.com,0.3,9680739,9711636
italian,55_plus,libero.it,2,9711636,9917610
italian,55_plus,xtra.co.nz,0.8,9917610,10000000
vietnamese,under_35,gmail.com,56,0,5818169
vietnamese,under_35,outlook.com,8,5818169,6649337
vietnamese,under_35,hotmail.com,7,6649337,7376609
vietnamese,under_35,hotmail.com.au,0.8,7376609,7459727
vietnamese,under_35,live.com.au,1,7459727,7563624
vietnamese,under_35,live.com,0.5,7563624,7615573
vietnamese,under_35,outlook.com.au,1,7615573,7719470
vietnamese,under_35,icloud.com,16,7719470,9381805
vietnamese,under_35,me.com,0.2,9381805,9402585
vietnamese,under_35,yahoo.com,1.5,9402585,9558430
vietnamese,under_35,yahoo.com.au,1,9558430,9662327
vietnamese,under_35,ymail.com,0.2,9662327,9683107
vietnamese,under_35,bigpond.com,0.4,9683107,9724666
vietnamese,under_35,bigpond.net.au,0.1,9724666,9735056
vietnamese,under_35,optusnet.com.au,0.3,9735056,9766226
vietnamese,under_35,iinet.net.au,0.2,9766226,9787006
vietnamese,under_35,tpg.com.au,0.2,9787006,9807786
vietnamese,under_35,internode.on.net,0.05,9807786,9812982
vietnamese,under_35,westnet.com.au,0.05,9812982,9818178
vietnamese,under_35,aol.com,0.05,9818178,9823374
vietnamese,under_35,protonmail.com,1,9823374,9927271
vietnamese,under_35,hotmail.co.uk,0.4,9927271,9968830
vietnamese,under_35,y7mail.com,0.2,9968830,9989610
vietnamese,under_35,xtra.co.nz,0.1,9989610,10000000
vietnamese,35_to_54,gmail.com,46,0,4684307
vietnamese,35_to_54,outlook.com,8,4684307,5498970
vietnamese,35_to_54,hotmail.com,10,5498970,6517298
vietnamese,35_to_54,hotmail.com.au,2,6517298,6720965
vietnamese,35_to_54,live.com.au,2,6720965,6924632
vietnamese,35_to_54,live.com,1,6924632,7026466
vietnamese,35_to_54,outlook.com.au,1,7026466,7128300
vietnamese,35_to_54,icloud.com,12,7128300,8350294
vietnamese,35_to_54,me.com,1,8350294,8452128
vietnamese,35_to_54,yahoo.com,3,8452128,8757627
vietnamese,35_to_54,yahoo.com.au,3,8757627,9063126
vietnamese,35_to_54,ymail.com,0.5,9063126,9114043
vietnamese,35_to_54,bigpond.com,2,9114043,9317709
vietnamese,35_to_54,bigpond.net.au,0.8,9317709,9399176
vietnamese,35_to_54,optusnet.com.au,1.5,9399176,9551926
vietnamese,35_to_54,iinet.net.au,1,9551926,9653760
vietnamese,35_to_54,tpg.com.au,1,9653760,9755594
vietnamese,35_to_54,internode.on.net,0.3,9755594,9786145
vietnamese,35_to_54,westnet.com.au,0.2,9786145,9806513
vietnamese,35_to_54,aol.com,0.2,9806513,9826881
vietnamese,35_to_54,protonmail.com,0.5,9826881,9877798
vietnamese,35_to_54,hotmail.co.uk,0.5,9877798,9928715
vietnamese,35_to_54,y7mail.com,0.4,9928715,9969449
vietnamese,35_to_54,xtra.co.nz,0.3,9969449,10000000
vietnamese,55_plus,gmail.com,30,0,3154568
vietnamese,55_plus,outlook.com,6,3154568,3785482
vietnamese,55_plus,hotmail.com,10,3785482,4837005
vietnamese,55_plus,hotmail.com.au,2,4837005,5047310
vietnamese,55_plus,live.com.au,1.5,5047310,5205039
vietnamese,55_plus,live.com,1,5205039,5310192
vietnamese,55_plus,outlook.com.au,0.8,5310192,5394315
vietnamese,55_plus,icloud.com,6,5394315,6025229
vietnamese,55_plus,me.com,1,6025229,6130382
vietnamese,55_plus,yahoo.com,4.5,6130382,6603568
vietnamese,55_plus,yahoo.com.au,5,6603568,7129330
vietnamese,55_plus,ymail.com,0.3,7129330,7160877
vietnamese,55_plus,bigpond.com,9,7160877,8107248
vietnamese,55_plus,bigpond.net.au,3.5,8107248,8475282
vietnamese,55_plus,optusnet.com.au,5,8475282,9001044
vietnamese,55_plus,iinet.net.au,3,9001044,9316502
vietnamese,55_plus,tpg.com.au,2.5,9316502,9579384
vietnamese,55_plus,internode.on.net,1,9579384,9684537
vietnamese,55_plus,westnet.com.au,0.7,9684537,9758145
vietnamese,55_plus,aol.com,0.6,9758145,9821237
vietnamese,55_plus,protonmail.com,0.1,9821237,9831753
vietnamese,55_plus,hotmail.co.uk,0.5,9831753,9884330
vietnamese,55_plus,y7mail.com,0.3,9884330,9915877
vietnamese,55_plus,xtra.co.nz,0.8,9915877,10000000
lebanese,under_35,gmail.com,56,0,5818169
lebanese,under_35,outlook.com,8,5818169,6649337
lebanese,under_35,hotmail.com,7,6649337,7376609
lebanese,under_35,hotmail.com.au,0.8,7376609,7459727
lebanese,under_35,live.com.au,1,7459727,7563624
lebanese,under_35,live.com,0.5,7563624,7615573
lebanese,under_35,outlook.com.au,1,7615573,7719470
lebanese,under_35,icloud.com,16,7719470,9381805
lebanese,under_35,me.com,0.2,9381805,9402585
lebanese,under_35,yahoo.com,1.5,9402585,9558430
lebanese,under_35,yahoo.com.au,1,9558430,9662327
lebanese,under_35,ymail.com,0.2,9662327,9683107
lebanese,under_35,bigpond.com,0.4,9683107,9724666
lebanese,under_35,bigpond.net.au,0.1,9724666,9735056
lebanese,under_35,optusnet.com.au,0.3,9735056,9766226
lebanese,under_35,iinet.net.au,0.2,9766226,9787006
lebanese,under_35,tpg.com.au,0.2,9787006,9807786
lebanese,under_35,internode.on.net,0.05,9807786,9812982
lebanese,under_35,westnet.com.au,0.05,9812982,9818178
lebanese,under_35,aol.com,0.05,9818178,9823374
lebanese,under_35,protonmail.com,1,9823374,9927271
lebanese,under_35,hotmail.co.uk,0.4,9927271,9968830
lebanese,under_35,y7mail.com,0.2,9968830,9989610
lebanese,under_35,xtra.co.nz,0.1,9989610,10000000
lebanese,35_to_54,gmail.com,46,0,4684307
lebanese,35_to_54,outlook.com,8,4684307,5498970
lebanese,35_to_54,hotmail.com,10,5498970,6517298
lebanese,35_to_54,hotmail.com.au,2,6517298,6720965
lebanese,35_to_54,live.com.au,2,6720965,6924632
lebanese,35_to_54,live.com,1,6924632,7026466
lebanese,35_to_54,outlook.com.au,1,7026466,7128300
lebanese,35_to_54,icloud.com,12,7128300,8350294
lebanese,35_to_54,me.com,1,8350294,8452128
lebanese,35_to_54,yahoo.com,3,8452128,8757627
lebanese,35_to_54,yahoo.com.au,3,8757627,9063126
lebanese,35_to_54,ymail.com,0.5,9063126,9114043
lebanese,35_to_54,bigpond.com,2,9114043,9317709
lebanese,35_to_54,bigpond.net.au,0.8,9317709,9399176
lebanese,35_to_54,optusnet.com.au,1.5,9399176,9551926
lebanese,35_to_54,iinet.net.au,1,9551926,9653760
lebanese,35_to_54,tpg.com.au,1,9653760,9755594
lebanese,35_to_54,internode.on.net,0.3,9755594,9786145
lebanese,35_to_54,westnet.com.au,0.2,9786145,9806513
lebanese,35_to_54,aol.com,0.2,9806513,9826881
lebanese,35_to_54,protonmail.com,0.5,9826881,9877798
lebanese,35_to_54,hotmail.co.uk,0.5,9877798,9928715
lebanese,35_to_54,y7mail.com,0.4,9928715,9969449
lebanese,35_to_54,xtra.co.nz,0.3,9969449,10000000
lebanese,55_plus,gmail.com,30,0,3154568
lebanese,55_plus,outlook.com,6,3154568,3785482
lebanese,55_plus,hotmail.com,10,3785482,4837005
lebanese,55_plus,hotmail.com.au,2,4837005,5047310
lebanese,55_plus,live.com.au,1.5,5047310,5205039
lebanese,55_plus,live.com,1,5205039,5310192
lebanese,55_plus,outlook.com.au,0.8,5310192,5394315
lebanese,55_plus,icloud.com,6,5394315,6025229
lebanese,55_plus,me.com,1,6025229,6130382
lebanese,55_plus,yahoo.com,4.5,6130382,6603568
lebanese,55_plus,yahoo.com.au,5,6603568,7129330
lebanese,55_plus,ymail.com,0.3,7129330,7160877
lebanese,55_plus,bigpond.com,9,7160877,8107248
lebanese,55_plus,bigpond.net.au,3.5,8107248,8475282
lebanese,55_plus,optusnet.com.au,5,8475282,9001044
lebanese,55_plus,iinet.net.au,3,9001044,9316502
lebanese,55_plus,tpg.com.au,2.5,9316502,9579384
lebanese,55_plus,internode.on.net,1,9579384,9684537
lebanese,55_plus,westnet.com.au,0.7,9684537,9758145
lebanese,55_plus,aol.com,0.6,9758145,9821237
lebanese,55_plus,protonmail.com,0.1,9821237,9831753
lebanese,55_plus,hotmail.co.uk,0.5,9831753,9884330
lebanese,55_plus,y7mail.com,0.3,9884330,9915877
lebanese,55_plus,xtra.co.nz,0.8,9915877,10000000
greek,under_35,gmail.com,56,0,5818169
greek,under_35,outlook.com,8,5818169,6649337
greek,under_35,hotmail.com,7,6649337,7376609
greek,under_35,hotmail.com.au,0.8,7376609,7459727
greek,under_35,live.com.au,1,7459727,7563624
greek,under_35,live.com,0.5,7563624,7615573
greek,under_35,outlook.com.au,1,7615573,7719470
greek,under_35,icloud.com,16,7719470,9381805
greek,under_35,me.com,0.2,9381805,9402585
greek,under_35,yahoo.com,1.5,9402585,9558430
greek,under_35,yahoo.com.au,1,9558430,9662327
greek,under_35,ymail.com,0.2,9662327,9683107
greek,under_35,bigpond.com,0.4,9683107,9724666
greek,under_35,bigpond.net.au,0.1,9724666,9735056
greek,under_35,optusnet.com.au,0.3,9735056,9766226
greek,under_35,iinet.net.au,0.2,9766226,9787006
greek,under_35,tpg.com.au,0.2,9787006,9807786
greek,under_35,internode.on.net,0.05,9807786,9812982
greek,under_35,westnet.com.au,0.05,9812982,9818178
greek,under_35,aol.com,0.05,9818178,9823374
greek,under_35,protonmail.com,1,9823374,9927271
greek,under_35,hotmail.co.uk,0.4,9927271,9968830
greek,under_35,y7mail.com,0.2,9968830,9989610
greek,under_35,xtra.co.nz,0.1,9989610,10000000
greek,35_to_54,gmail.com,46,0,4684307
greek,35_to_54,outlook.com,8,4684307,5498970
greek,35_to_54,hotmail.com,10,5498970,6517298
greek,35_to_54,hotmail.com.au,2,6517298,6720965
greek,35_to_54,live.com.au,2,6720965,6924632
greek,35_to_54,live.com,1,6924632,7026466
greek,35_to_54,outlook.com.au,1,7026466,7128300
greek,35_to_54,icloud.com,12,7128300,8350294
greek,35_to_54,me.com,1,8350294,8452128
greek,35_to_54,yahoo.com,3,8452128,8757627
greek,35_to_54,yahoo.com.au,3,8757627,9063126
greek,35_to_54,ymail.com,0.5,9063126,9114043
greek,35_to_54,bigpond.com,2,9114043,9317709
greek,35_to_54,bigpond.net.au,0.8,9317709,9399176
greek,35_to_54,optusnet.com.au,1.5,9399176,9551926
greek,35_to_54,iinet.net.au,1,9551926,9653760
greek,35_to_54,tpg.com.au,1,9653760,9755594
greek,35_to_54,internode.on.net,0.3,9755594,9786145
greek,35_to_54,westnet.com.au,0.2,9786145,9806513
greek,35_to_54,aol.com,0.2,9806513,9826881
greek,35_to_54,protonmail.com,0.5,9826881,9877798
greek,35_to_54,hotmail.co.uk,0.5,9877798,9928715
greek,35_to_54,y7mail.com,0.4,9928715,9969449
greek,35_to_54,xtra.co.nz,0.3,9969449,10000000
greek,55_plus,gmail.com,30,0,3154568
greek,55_plus,outlook.com,6,3154568,3785482
greek,55_plus,hotmail.com,10,3785482,4837005
greek,55_plus,hotmail.com.au,2,4837005,5047310
greek,55_plus,live.com.au,1.5,5047310,5205039
greek,55_plus,live.com,1,5205039,5310192
greek,55_plus,outlook.com.au,0.8,5310192,5394315
greek,55_plus,icloud.com,6,5394315,6025229
greek,55_plus,me.com,1,6025229,6130382
greek,55_plus,yahoo.com,4.5,6130382,6603568
greek,55_plus,yahoo.com.au,5,6603568,7129330
greek,55_plus,ymail.com,0.3,7129330,7160877
greek,55_plus,bigpond.com,9,7160877,8107248
greek,55_plus,bigpond.net.au,3.5,8107248,8475282
greek,55_plus,optusnet.com.au,5,8475282,9001044
greek,55_plus,iinet.net.au,3,9001044,9316502
greek,55_plus,tpg.com.au,2.5,9316502,9579384
greek,55_plus,internode.on.net,1,9579384,9684537
greek,55_plus,westnet.com.au,0.7,9684537,9758145
greek,55_plus,aol.com,0.6,9758145,9821237
greek,55_plus,protonmail.com,0.1,9821237,9831753
greek,55_plus,hotmail.co.uk,0.5,9831753,9884330
greek,55_plus,y7mail.com,0.3,9884330,9915877
greek,55_plus,xtra.co.nz,0.8,9915877,10000000
korean,under_35,gmail.com,56,0,4776108
korean,under_35,outlook.com,8,4776108,5458410
korean,under_35,hotmail.com,7,5458410,6055424
korean,under_35,hotmail.com.au,0.8,6055424,6123655
korean,under_35,live.com.au,1,6123655,6208944
korean,under_35,live.com,0.5,6208944,6251589
korean,under_35,outlook.com.au,1,6251589,6336878
korean,under_35,icloud.com,16,6336878,7701481
korean,under_35,me.com,0.2,7701481,7718540
korean,under_35,yahoo.com,1.5,7718540,7846472
korean,under_35,yahoo.com.au,1,7846472,7931761
korean,under_35,ymail.com,0.2,7931761,7948820
korean,under_35,bigpond.com,0.4,7948820,7982936
korean,under_35,bigpond.net.au,0.1,7982936,7991466
korean,under_35,optusnet.com.au,0.3,7991466,8017053
korean,under_35,iinet.net.au,0.2,8017053,8034112
korean,under_35,tpg.com.au,0.2,8034112,8051170
korean,under_35,internode.on.net,0.05,8051170,8055435
korean,under_35,westnet.com.au,0.05,8055435,8059700
korean,under_35,aol.com,0.05,8059700,8063965
korean,under_35,protonmail.com,1,8063965,8149254
korean,under_35,hotmail.co.uk,0.4,8149254,8183370
korean,under_35,y7mail.com,0.2,8183370,8200428
korean,under_35,naver.com,18,8200428,9735606
korean,under_35,daum.net,3,9735606,9991470
korean,under_35,xtra.co.nz,0.1,9991470,10000000
korean,35_to_54,gmail.com,46,0,3891700
korean,35_to_54,outlook.com,8,3891700,4568518
korean,35_to_54,hotmail.com,10,4568518,5414541
korean,35_to_54,hotmail.com.au,2,5414541,5583746
korean,35_to_54,live.com.au,2,5583746,5752951
korean,35_to_54,live.com,1,5752951,5837554
korean,35_to_54,outlook.com.au,1,5837554,5922157
korean,35_to_54,icloud.com,12,5922157,6937384
korean,35_to_54,me.com,1,6937384,7021987
korean,35_to_54,yahoo.com,3,7021987,7275795
korean,35_to_54,yahoo.com.au,3,7275795,7529603
korean,35_to_54,ymail.com,0.5,7529603,7571905
korean,35_to_54,bigpond.com,2,7571905,7741110
korean,35_to_54,bigpond.net.au,0.8,7741110,7808793
korean,35_to_54,optusnet.com.au,1.5,7808793,7935697
korean,35_to_54,iinet.net.au,1,7935697,8020300
korean,35_to_54,tpg.com.au,1,8020300,8104903
korean,35_to_54,internode.on.net,0.3,8104903,8130285
korean,35_to_54,westnet.com.au,0.2,8130285,8147206
korean,35_to_54,aol.com,0.2,8147206,8164127
korean,35_to_54,protonmail.com,0.5,8164127,8206429
korean,35_to_54,hotmail.co.uk,0.5,8206429,8248731
korean,35_to_54,y7mail.com,0.4,8248731,8282573
korean,35_to_54,naver.com,15,8282573,9551606
korean,35_to_54,daum.net,5,9551606,9974618
korean,35_to_54,xtra.co.nz,0.3,9974618,10000000
korean,55_plus,gmail.com,30,0,2724790
korean,55_plus,outlook.com,6,2724790,3269749
korean,55_plus,hotmail.com,10,3269749,4178013
korean,55_plus,hotmail.com.au,2,4178013,4359667
korean,55_plus,live.com.au,1.5,4359667,4495907
korean,55_plus,live.com,1,4495907,4586734
korean,55_plus,outlook.com.au,0.8,4586734,4659396
korean,55_plus,icloud.com,6,4659396,5204355
korean,55_plus,me.com,1,5204355,5295182
korean,55_plus,yahoo.com,4.5,5295182,5703901
korean,55_plus,yahoo.com.au,5,5703901,6158033
korean,55_plus,ymail.com,0.3,6158033,6185282
korean,55_plus,bigpond.com,9,6185282,7002720
korean,55_plus,bigpond.net.au,3.5,7002720,7320613
korean,55_plus,optusnet.com.au,5,7320613,7774745
korean,55_plus,iinet.net.au,3,7774745,8047225
korean,55_plus,tpg.com.au,2.5,8047225,8274292
korean,55_plus,internode.on.net,1,8274292,8365119
korean,55_plus,westnet.com.au,0.7,8365119,8428698
korean,55_plus,aol.com,0.6,8428698,8483195
korean,55_plus,protonmail.com,0.1,8483195,8492279
korean,55_plus,hotmail.co.uk,0.5,8492279,8537693
korean,55_plus,y7mail.com,0.3,8537693,8564942
korean,55_plus,naver.com,10,8564942,9473206
korean,55_plus,daum.net,5,9473206,9927338
korean,55_plus,xtra.co.nz,0.8,9927338,10000000
filipino,under_35,gmail.com,56,0,5818169
filipino,under_35,outlook.com,8,5818169,6649337
filipino,under_35,hotmail.com,7,6649337,7376609
filipino,under_35,hotmail.com.au,0.8,7376609,7459727
filipino,under_35,live.com.au,1,7459727,7563624
filipino,under_35,live.com,0.5,7563624,7615573
filipino,under_35,outlook.com.au,1,7615573,7719470
filipino,under_35,icloud.com,16,7719470,9381805
filipino,under_35,me.com,0.2,9381805,9402585
filipino,under_35,yahoo.com,1.5,9402585,9558430
filipino,under_35,yahoo.com.au,1,9558430,9662327
filipino,under_35,ymail.com,0.2,9662327,9683107
filipino,under_35,bigpond.com,0.4,9683107,9724666
filipino,under_35,bigpond.net.au,0.1,9724666,9735056
filipino,under_35,optusnet.com.au,0.3,9735056,9766226
filipino,under_35,iinet.net.au,0.2,9766226,9787006
filipino,under_35,tpg.com.au,0.2,9787006,9807786
filipino,under_35,internode.on.net,0.05,9807786,9812982
filipino,under_35,westnet.com.au,0.05,9812982,9818178
filipino,under_35,aol.com,0.05,9818178,9823374
filipino,under_35,protonmail.com,1,9823374,9927271
filipino,under_35,hotmail.co.uk,0.4,9927271,9968830
filipino,under_35,y7mail.com,0.2,9968830,9989610
filipino,under_35,xtra.co.nz,0.1,9989610,10000000
filipino,35_to_54,gmail.com,46,0,4684307
filipino,35_to_54,outlook.com,8,4684307,5498970
filipino,35_to_54,hotmail.com,10,5498970,6517298
filipino,35_to_54,hotmail.com.au,2,6517298,6720965
filipino,35_to_54,live.com.au,2,6720965,6924632
filipino,35_to_54,live.com,1,6924632,7026466
filipino,35_to_54,outlook.com.au,1,7026466,7128300
filipino,35_to_54,icloud.com,12,7128300,8350294
filipino,35_to_54,me.com,1,8350294,8452128
filipino,35_to_54,yahoo.com,3,8452128,8757627
filipino,35_to_54,yahoo.com.au,3,8757627,9063126
filipino,35_to_54,ymail.com,0.5,9063126,9114043
filipino,35_to_54,bigpond.com,2,9114043,9317709
filipino,35_to_54,bigpond.net.au,0.8,9317709,9399176
filipino,35_to_54,optusnet.com.au,1.5,9399176,9551926
filipino,35_to_54,iinet.net.au,1,9551926,9653760
filipino,35_to_54,tpg.com.au,1,9653760,9755594
filipino,35_to_54,internode.on.net,0.3,9755594,9786145
filipino,35_to_54,westnet.com.au,0.2,9786145,9806513
filipino,35_to_54,aol.com,0.2,9806513,9826881
filipino,35_to_54,protonmail.com,0.5,9826881,9877798
filipino,35_to_54,hotmail.co.uk,0.5,9877798,9928715
filipino,35_to_54,y7mail.com,0.4,9928715,9969449
filipino,35_to_54,xtra.co.nz,0.3,9969449,10000000
filipino,55_plus,gmail.com,30,0,3154568
filipino,55_plus,outlook.com,6,3154568,3785482
filipino,55_plus,hotmail.com,10,3785482,4837005
filipino,55_plus,hotmail.com.au,2,4837005,5047310
filipino,55_plus,live.com.au,1.5,5047310,5205039
filipino,55_plus,live.com,1,5205039,5310192
filipino,55_plus,outlook.com.au,0.8,5310192,5394315
filipino,55_plus,icloud.com,6,5394315,6025229
filipino,55_plus,me.com,1,6025229,6130382
filipino,55_plus,yahoo.com,4.5,6130382,6603568
filipino,55_plus,yahoo.com.au,5,6603568,7129330
filipino,55_plus,ymail.com,0.3,7129330,7160877
filipino,55_plus,bigpond.com,9,7160877,8107248
filipino,55_plus,bigpond.net.au,3.5,8107248,8475282
filipino,55_plus,optusnet.com.au,5,8475282,9001044
filipino,55_plus,iinet.net.au,3,9001044,9316502
filipino,55_plus,tpg.com.au,2.5,9316502,9579384
filipino,55_plus,internode.on.net,1,9579384,9684537
filipino,55_plus,westnet.com.au,0.7,9684537,9758145
filipino,55_plus,aol.com,0.6,9758145,9821237
filipino,55_plus,protonmail.com,0.1,9821237,9831753
filipino,55_plus,hotmail.co.uk,0.5,9831753,9884330
filipino,55_plus,y7mail.com,0.3,9884330,9915877
filipino,55_plus,xtra.co.nz,0.8,9915877,10000000
german,under_35,gmail.com,56,0,5530851
german,under_35,outlook.com,8,5530851,6320973
german,under_35,hotmail.com,7,6320973,7012330
german,under_35,hotmail.com.au,0.8,7012330,7091343
german,under_35,live.com.au,1,7091343,7190109
german,under_35,live.com,0.5,7190109,7239493
german,under_35,outlook.com.au,1,7239493,7338259
german,under_35,icloud.com,16,7338259,8918503
german,under_35,me.com,0.2,8918503,8938257
german,under_35,yahoo.com,1.5,8938257,9086406
german,under_35,yahoo.com.au,1,9086406,9185172
german,under_35,ymail.com,0.2,9185172,9204926
german,under_35,bigpond.com,0.4,9204926,9244433
german,under_35,bigpond.net.au,0.1,9244433,9254311
german,under_35,optusnet.com.au,0.3,9254311,9283942
german,under_35,iinet.net.au,0.2,9283942,9303696
german,under_35,tpg.com.au,0.2,9303696,9323450
german,under_35,internode.on.net,0.05,9323450,9328389
german,under_35,westnet.com.au,0.05,9328389,9333328
german,under_35,aol.com,0.05,9333328,9338267
german,under_35,protonmail.com,1,9338267,9437033
german,under_35,hotmail.co.uk,0.4,9437033,9476540
german,under_35,y7mail.com,0.2,9476540,9496294
german,under_35,gmx.de,3,9496294,9792591
german,under_35,web.de,2,9792591,9990122
german,under_35,xtra.co.nz,0.1,9990122,10000000
german,35_to_54,gmail.com,46,0,4372613
german,35_to_54,outlook.com,8,4372613,5133068
german,35_to_54,hotmail.com,10,5133068,6083637
german,35_to_54,hotmail.com.au,2,6083637,6273752
german,35_to_54,live.com.au,2,6273752,6463867
german,35_to_54,live.com,1,6463867,6558925
german,35_to_54,outlook.com.au,1,6558925,6653983
german,35_to_54,icloud.com,12,6653983,7794666
german,35_to_54,me.com,1,7794666,7889724
german,35_to_54,yahoo.com,3,7889724,8174895
german,35_to_54,yahoo.com.au,3,8174895,8460066
german,35_to_54,ymail.com,0.5,8460066,8507595
german,35_to_54,bigpond.com,2,8507595,8697710
german,35_to_54,bigpond.net.au,0.8,8697710,8773757
german,35_to_54,optusnet.com.au,1.5,8773757,8916343
german,35_to_54,iinet.net.au,1,8916343,9011401
german,35_to_54,tpg.com.au,1,9011401,9106459
german,35_to_54,internode.on.net,0.3,9106459,9134977
german,35_to_54,westnet.com.au,0.2,9134977,9153989
german,35_to_54,aol.com,0.2,9153989,9173001
german,35_to_54,protonmail.com,0.5,9173001,9220530
german,35_to_54,hotmail.co.uk,0.5,9220530,9268059
german,35_to_54,y7mail.com,0.4,9268059,9306083
german,35_to_54,gmx.de,4,9306083,9686311
german,35_to_54,web.de,3,9686311,9971482
german,35_to_54,xtra.co.nz,0.3,9971482,10000000
german,55_plus,gmail.com,30,0,2938289
german,55_plus,outlook.com,6,2938289,3525948
german,55_plus,hotmail.com,10,3525948,4505378
german,55_plus,hotmail.com.au,2,4505378,4701265
german,55_plus,live.com.au,1.5,4701265,4848180
german,55_plus,live.com,1,4848180,4946124
german,55_plus,outlook.com.au,0.8,4946124,5024479
german,55_plus,icloud.com,6,5024479,5612138
german,55_plus,me.com,1,5612138,5710082
german,55_plus,yahoo.com,4.5,5710082,6150826
german,55_plus,yahoo.com.au,5,6150826,6640542
german,55_plus,ymail.com,0.3,6640542,6669926
german,55_plus,bigpond.com,9,6669926,7551413
german,55_plus,bigpond.net.au,3.5,7551413,7894214
german,55_plus,optusnet.com.au,5,7894214,8383930
german,55_plus,iinet.net.au,3,8383930,8677760
german,55_plus,tpg.com.au,2.5,8677760,8922618
german,55_plus,internode.on.net,1,8922618,9020562
german,55_plus,westnet.com.au,0.7,9020562,9089123
german,55_plus,aol.com,0.6,9089123,9147890
german,55_plus,protonmail.com,0.1,9147890,9157685
german,55_plus,hotmail.co.uk,0.5,9157685,9206658
german,55_plus,y7mail.com,0.3,9206658,9236042
german,55_plus,gmx.de,4,9236042,9627815
german,55_plus,web.de,3,9627815,9921645
german,55_plus,xtra.co.nz,0.8,9921645,10000000
spanish,under_35,gmail.com,56,0,5818169
spanish,under_35,outlook.com,8,5818169,6649337
spanish,under_35,hotmail.com,7,6649337,7376609
spanish,under_35,hotmail.com.au,0.8,7376609,7459727
spanish,under_35,live.com.au,1,7459727,7563624
spanish,under_35,live.com,0.5,7563624,7615573
spanish,under_35,outlook.com.au,1,7615573,7719470
spanish,under_35,icloud.com,16,7719470,9381805
spanish,under_35,me.com,0.2,9381805,9402585
spanish,under_35,yahoo.com,1.5,9402585,9558430
spanish,under_35,yahoo.com.au,1,9558430,9662327
spanish,under_35,ymail.com,0.2,9662327,9683107
spanish,under_35,bigpond.com,0.4,9683107,9724666
spanish,under_35,bigpond.net.au,0.1,9724666,9735056
spanish,under_35,optusnet.com.au,0.3,9735056,9766226
spanish,under_35,iinet.net.au,0.2,9766226,9787006
spanish,under_35,tpg.com.au,0.2,9787006,9807786
spanish,under_35,internode.on.net,0.05,9807786,9812982
spanish,under_35,westnet.com.au,0.05,9812982,9818178
spanish,under_35,aol.com,0.05,9818178,9823374
spanish,under_35,protonmail.com,1,9823374,9927271
spanish,under_35,hotmail.co.uk,0.4,9927271,9968830
spanish,under_35,y7mail.com,0.2,9968830,9989610
spanish,under_35,xtra.co.nz,0.1,9989610,10000000
spanish,35_to_54,gmail.com,46,0,4684307
spanish,35_to_54,outlook.com,8,4684307,5498970
spanish,35_to_54,hotmail.com,10,5498970,6517298
spanish,35_to_54,hotmail.com.au,2,6517298,6720965
spanish,35_to_54,live.com.au,2,6720965,6924632
spanish,35_to_54,live.com,1,6924632,7026466
spanish,35_to_54,outlook.com.au,1,7026466,7128300
spanish,35_to_54,icloud.com,12,7128300,8350294
spanish,35_to_54,me.com,1,8350294,8452128
spanish,35_to_54,yahoo.com,3,8452128,8757627
spanish,35_to_54,yahoo.com.au,3,8757627,9063126
spanish,35_to_54,ymail.com,0.5,9063126,9114043
spanish,35_to_54,bigpond.com,2,9114043,9317709
spanish,35_to_54,bigpond.net.au,0.8,9317709,9399176
spanish,35_to_54,optusnet.com.au,1.5,9399176,9551926
spanish,35_to_54,iinet.net.au,1,9551926,9653760
spanish,35_to_54,tpg.com.au,1,9653760,9755594
spanish,35_to_54,internode.on.net,0.3,9755594,9786145
spanish,35_to_54,westnet.com.au,0.2,9786145,9806513
spanish,35_to_54,aol.com,0.2,9806513,9826881
spanish,35_to_54,protonmail.com,0.5,9826881,9877798
spanish,35_to_54,hotmail.co.uk,0.5,9877798,9928715
spanish,35_to_54,y7mail.com,0.4,9928715,9969449
spanish,35_to_54,xtra.co.nz,0.3,9969449,10000000
spanish,55_plus,gmail.com,30,0,3154568
spanish,55_plus,outlook.com,6,3154568,3785482
spanish,55_plus,hotmail.com,10,3785482,4837005
spanish,55_plus,hotmail.com.au,2,4837005,5047310
spanish,55_plus,live.com.au,1.5,5047310,5205039
spanish,55_plus,live.com,1,5205039,5310192
spanish,55_plus,outlook.com.au,0.8,5310192,5394315
spanish,55_plus,icloud.com,6,5394315,6025229
spanish,55_plus,me.com,1,6025229,6130382
spanish,55_plus,yahoo.com,4.5,6130382,6603568
spanish,55_plus,yahoo.com.au,5,6603568,7129330
spanish,55_plus,ymail.com,0.3,7129330,7160877
spanish,55_plus,bigpond.com,9,7160877,8107248
spanish,55_plus,bigpond.net.au,3.5,8107248,8475282
spanish,55_plus,optusnet.com.au,5,8475282,9001044
spanish,55_plus,iinet.net.au,3,9001044,9316502
spanish,55_plus,tpg.com.au,2.5,9316502,9579384
spanish,55_plus,internode.on.net,1,9579384,9684537
spanish,55_plus,westnet.com.au,0.7,9684537,9758145
spanish,55_plus,aol.com,0.6,9758145,9821237
spanish,55_plus,protonmail.com,0.1,9821237,9831753
spanish,55_plus,hotmail.co.uk,0.5,9831753,9884330
spanish,55_plus,y7mail.com,0.3,9884330,9915877
spanish,55_plus,xtra.co.nz,0.8,9915877,10000000
croatian,under_35,gmail.com,56,0,5818169
croatian,under_35,outlook.com,8,5818169,6649337
croatian,under_35,hotmail.com,7,6649337,7376609
croatian,under_35,hotmail.com.au,0.8,7376609,7459727
croatian,under_35,live.com.au,1,7459727,7563624
croatian,under_35,live.com,0.5,7563624,7615573
croatian,under_35,outlook.com.au,1,7615573,7719470
croatian,under_35,icloud.com,16,7719470,9381805
croatian,under_35,me.com,0.2,9381805,9402585
croatian,under_35,yahoo.com,1.5,9402585,9558430
croatian,under_35,yahoo.com.au,1,9558430,9662327
croatian,under_35,ymail.com,0.2,9662327,9683107
croatian,under_35,bigpond.com,0.4,9683107,9724666
croatian,under_35,bigpond.net.au,0.1,9724666,9735056
croatian,under_35,optusnet.com.au,0.3,9735056,9766226
croatian,under_35,iinet.net.au,0.2,9766226,9787006
croatian,under_35,tpg.com.au,0.2,9787006,9807786
croatian,under_35,internode.on.net,0.05,9807786,9812982
croatian,under_35,westnet.com.au,0.05,9812982,9818178
croatian,under_35,aol.com,0.05,9818178,9823374
croatian,under_35,protonmail.com,1,9823374,9927271
croatian,under_35,hotmail.co.uk,0.4,9927271,9968830
croatian,under_35,y7mail.com,0.2,9968830,9989610
croatian,under_35,xtra.co.nz,0.1,9989610,10000000
croatian,35_to_54,gmail.com,46,0,4684307
croatian,35_to_54,outlook.com,8,4684307,5498970
croatian,35_to_54,hotmail.com,10,5498970,6517298
croatian,35_to_54,hotmail.com.au,2,6517298,6720965
croatian,35_to_54,live.com.au,2,6720965,6924632
croatian,35_to_54,live.com,1,6924632,7026466
croatian,35_to_54,outlook.com.au,1,7026466,7128300
croatian,35_to_54,icloud.com,12,7128300,8350294
croatian,35_to_54,me.com,1,8350294,8452128
croatian,35_to_54,yahoo.com,3,8452128,8757627
croatian,35_to_54,yahoo.com.au,3,8757627,9063126
croatian,35_to_54,ymail.com,0.5,9063126,9114043
croatian,35_to_54,bigpond.com,2,9114043,9317709
croatian,35_to_54,bigpond.net.au,0.8,9317709,9399176
croatian,35_to_54,optusnet.com.au,1.5,9399176,9551926
croatian,35_to_54,iinet.net.au,1,9551926,9653760
croatian,35_to_54,tpg.com.au,1,9653760,9755594
croatian,35_to_54,internode.on.net,0.3,9755594,9786145
croatian,35_to_54,westnet.com.au,0.2,9786145,9806513
croatian,35_to_54,aol.com,0.2,9806513,9826881
croatian,35_to_54,protonmail.com,0.5,9826881,9877798
croatian,35_to_54,hotmail.co.uk,0.5,9877798,9928715
croatian,35_to_54,y7mail.com,0.4,9928715,9969449
croatian,35_to_54,xtra.co.nz,0.3,9969449,10000000
croatian,55_plus,gmail.com,30,0,3154568
croatian,55_plus,outlook.com,6,3154568,3785482
croatian,55_plus,hotmail.com,10,3785482,4837005
croatian,55_plus,hotmail.com.au,2,4837005,5047310
croatian,55_plus,live.com.au,1.5,5047310,5205039
croatian,55_plus,live.com,1,5205039,5310192
croatian,55_plus,outlook.com.au,0.8,5310192,5394315
croatian,55_plus,icloud.com,6,5394315,6025229
croatian,55_plus,me.com,1,6025229,6130382
croatian,55_plus,yahoo.com,4.5,6130382,6603568
croatian,55_plus,yahoo.com.au,5,6603568,7129330
croatian,55_plus,ymail.com,0.3,7129330,7160877
croatian,55_plus,bigpond.com,9,7160877,8107248
croatian,55_plus,bigpond.net.au,3.5,8107248,8475282
croatian,55_plus,optusnet.com.au,5,8475282,9001044
croatian,55_plus,iinet.net.au,3,9001044,9316502
croatian,55_plus,tpg.com.au,2.5,9316502,9579384
croatian,55_plus,internode.on.net,1,9579384,9684537
croatian,55_plus,westnet.com.au,0.7,9684537,9758145
croatian,55_plus,aol.com,0.6,9758145,9821237
croatian,55_plus,protonmail.com,0.1,9821237,9831753
croatian,55_plus,hotmail.co.uk,0.5,9831753,9884330
croatian,55_plus,y7mail.com,0.3,9884330,9915877
croatian,55_plus,xtra.co.nz,0.8,9915877,10000000
dutch,under_35,gmail.com,56,0,5818169
dutch,under_35,outlook.com,8,5818169,6649337
dutch,under_35,hotmail.com,7,6649337,7376609
dutch,under_35,hotmail.com.au,0.8,7376609,7459727
dutch,under_35,live.com.au,1,7459727,7563624
dutch,under_35,live.com,0.5,7563624,7615573
dutch,under_35,outlook.com.au,1,7615573,7719470
dutch,under_35,icloud.com,16,7719470,9381805
dutch,under_35,me.com,0.2,9381805,9402585
dutch,under_35,yahoo.com,1.5,9402585,9558430
dutch,under_35,yahoo.com.au,1,9558430,9662327
dutch,under_35,ymail.com,0.2,9662327,9683107
dutch,under_35,bigpond.com,0.4,9683107,9724666
dutch,under_35,bigpond.net.au,0.1,9724666,9735056
dutch,under_35,optusnet.com.au,0.3,9735056,9766226
dutch,under_35,iinet.net.au,0.2,9766226,9787006
dutch,under_35,tpg.com.au,0.2,9787006,9807786
dutch,under_35,internode.on.net,0.05,9807786,9812982
dutch,under_35,westnet.com.au,0.05,9812982,9818178
dutch,under_35,aol.com,0.05,9818178,9823374
dutch,under_35,protonmail.com,1,9823374,9927271
dutch,under_35,hotmail.co.uk,0.4,9927271,9968830
dutch,under_35,y7mail.com,0.2,9968830,9989610
dutch,under_35,xtra.co.nz,0.1,9989610,10000000
dutch,35_to_54,gmail.com,46,0,4684307
dutch,35_to_54,outlook.com,8,4684307,5498970
dutch,35_to_54,hotmail.com,10,5498970,6517298
dutch,35_to_54,hotmail.com.au,2,6517298,6720965
dutch,35_to_54,live.com.au,2,6720965,6924632
dutch,35_to_54,live.com,1,6924632,7026466
dutch,35_to_54,outlook.com.au,1,7026466,7128300
dutch,35_to_54,icloud.com,12,7128300,8350294
dutch,35_to_54,me.com,1,8350294,8452128
dutch,35_to_54,yahoo.com,3,8452128,8757627
dutch,35_to_54,yahoo.com.au,3,8757627,9063126
dutch,35_to_54,ymail.com,0.5,9063126,9114043
dutch,35_to_54,bigpond.com,2,9114043,9317709
dutch,35_to_54,bigpond.net.au,0.8,9317709,9399176
dutch,35_to_54,optusnet.com.au,1.5,9399176,9551926
dutch,35_to_54,iinet.net.au,1,9551926,9653760
dutch,35_to_54,tpg.com.au,1,9653760,9755594
dutch,35_to_54,internode.on.net,0.3,9755594,9786145
dutch,35_to_54,westnet.com.au,0.2,9786145,9806513
dutch,35_to_54,aol.com,0.2,9806513,9826881
dutch,35_to_54,protonmail.com,0.5,9826881,9877798
dutch,35_to_54,hotmail.co.uk,0.5,9877798,9928715
dutch,35_to_54,y7mail.com,0.4,9928715,9969449
dutch,35_to_54,xtra.co.nz,0.3,9969449,10000000
dutch,55_plus,gmail.com,30,0,3154568
dutch,55_plus,outlook.com,6,3154568,3785482
dutch,55_plus,hotmail.com,10,3785482,4837005
dutch,55_plus,hotmail.com.au,2,4837005,5047310
dutch,55_plus,live.com.au,1.5,5047310,5205039
dutch,55_plus,live.com,1,5205039,5310192
dutch,55_plus,outlook.com.au,0.8,5310192,5394315
dutch,55_plus,icloud.com,6,5394315,6025229
dutch,55_plus,me.com,1,6025229,6130382
dutch,55_plus,yahoo.com,4.5,6130382,6603568
dutch,55_plus,yahoo.com.au,5,6603568,7129330
dutch,55_plus,ymail.com,0.3,7129330,7160877
dutch,55_plus,bigpond.com,9,7160877,8107248
dutch,55_plus,bigpond.net.au,3.5,8107248,8475282
dutch,55_plus,optusnet.com.au,5,8475282,9001044
dutch,55_plus,iinet.net.au,3,9001044,9316502
dutch,55_plus,tpg.com.au,2.5,9316502,9579384
dutch,55_plus,internode.on.net,1,9579384,9684537
dutch,55_plus,westnet.com.au,0.7,9684537,9758145
dutch,55_plus,aol.com,0.6,9758145,9821237
dutch,55_plus,protonmail.com,0.1,9821237,9831753
dutch,55_plus,hotmail.co.uk,0.5,9831753,9884330
dutch,55_plus,y7mail.com,0.3,9884330,9915877
dutch,55_plus,xtra.co.nz,0.8,9915877,10000000
portuguese,under_35,gmail.com,56,0,5818169
portuguese,under_35,outlook.com,8,5818169,6649337
portuguese,under_35,hotmail.com,7,6649337,7376609
portuguese,under_35,hotmail.com.au,0.8,7376609,7459727
portuguese,under_35,live.com.au,1,7459727,7563624
portuguese,under_35,live.com,0.5,7563624,7615573
portuguese,under_35,outlook.com.au,1,7615573,7719470
portuguese,under_35,icloud.com,16,7719470,9381805
portuguese,under_35,me.com,0.2,9381805,9402585
portuguese,under_35,yahoo.com,1.5,9402585,9558430
portuguese,under_35,yahoo.com.au,1,9558430,9662327
portuguese,under_35,ymail.com,0.2,9662327,9683107
portuguese,under_35,bigpond.com,0.4,9683107,9724666
portuguese,under_35,bigpond.net.au,0.1,9724666,9735056
portuguese,under_35,optusnet.com.au,0.3,9735056,9766226
portuguese,under_35,iinet.net.au,0.2,9766226,9787006
portuguese,under_35,tpg.com.au,0.2,9787006,9807786
portuguese,under_35,internode.on.net,0.05,9807786,9812982
portuguese,under_35,westnet.com.au,0.05,9812982,9818178
portuguese,under_35,aol.com,0.05,9818178,9823374
portuguese,under_35,protonmail.com,1,9823374,9927271
portuguese,under_35,hotmail.co.uk,0.4,9927271,9968830
portuguese,under_35,y7mail.com,0.2,9968830,9989610
portuguese,under_35,xtra.co.nz,0.1,9989610,10000000
portuguese,35_to_54,gmail.com,46,0,4684307
portuguese,35_to_54,outlook.com,8,4684307,5498970
portuguese,35_to_54,hotmail.com,10,5498970,6517298
portuguese,35_to_54,hotmail.com.au,2,6517298,6720965
portuguese,35_to_54,live.com.au,2,6720965,6924632
portuguese,35_to_54,live.com,1,6924632,7026466
portuguese,35_to_54,outlook.com.au,1,7026466,7128300
portuguese,35_to_54,icloud.com,12,7128300,8350294
portuguese,35_to_54,me.com,1,8350294,8452128
portuguese,35_to_54,yahoo.com,3,8452128,8757627
portuguese,35_to_54,yahoo.com.au,3,8757627,9063126
portuguese,35_to_54,ymail.com,0.5,9063126,9114043
portuguese,35_to_54,bigpond.com,2,9114043,9317709
portuguese,35_to_54,bigpond.net.au,0.8,9317709,9399176
portuguese,35_to_54,optusnet.com.au,1.5,9399176,9551926
portuguese,35_to_54,iinet.net.au,1,9551926,9653760
portuguese,35_to_54,tpg.com.au,1,9653760,9755594
portuguese,35_to_54,internode.on.net,0.3,9755594,9786145
portuguese,35_to_54,westnet.com.au,0.2,9786145,9806513
portuguese,35_to_54,aol.com,0.2,9806513,9826881
portuguese,35_to_54,protonmail.com,0.5,9826881,9877798
portuguese,35_to_54,hotmail.co.uk,0.5,9877798,9928715
portuguese,35_to_54,y7mail.com,0.4,9928715,9969449
portuguese,35_to_54,xtra.co.nz,0.3,9969449,10000000
portuguese,55_plus,gmail.com,30,0,3154568
portuguese,55_plus,outlook.com,6,3154568,3785482
portuguese,55_plus,hotmail.com,10,3785482,4837005
portuguese,55_plus,hotmail.com.au,2,4837005,5047310
portuguese,55_plus,live.com.au,1.5,5047310,5205039
portuguese,55_plus,live.com,1,5205039,5310192
portuguese,55_plus,outlook.com.au,0.8,5310192,5394315
portuguese,55_plus,icloud.com,6,5394315,6025229
portuguese,55_plus,me.com,1,6025229,6130382
portuguese,55_plus,yahoo.com,4.5,6130382,6603568
portuguese,55_plus,yahoo.com.au,5,6603568,7129330
portuguese,55_plus,ymail.com,0.3,7129330,7160877
portuguese,55_plus,bigpond.com,9,7160877,8107248
portuguese,55_plus,bigpond.net.au,3.5,8107248,8475282
portuguese,55_plus,optusnet.com.au,5,8475282,9001044
portuguese,55_plus,iinet.net.au,3,9001044,9316502
portuguese,55_plus,tpg.com.au,2.5,9316502,9579384
portuguese,55_plus,internode.on.net,1,9579384,9684537
portuguese,55_plus,westnet.com.au,0.7,9684537,9758145
portuguese,55_plus,aol.com,0.6,9758145,9821237
portuguese,55_plus,protonmail.com,0.1,9821237,9831753
portuguese,55_plus,hotmail.co.uk,0.5,9831753,9884330
portuguese,55_plus,y7mail.com,0.3,9884330,9915877
portuguese,55_plus,xtra.co.nz,0.8,9915877,10000000
french,under_35,gmail.com,56,0,5699732
french,under_35,outlook.com,8,5699732,6513980
french,under_35,hotmail.com,7,6513980,7226448
french,under_35,hotmail.com.au,0.8,7226448,7307874
french,under_35,live.com.au,1,7307874,7409656
french,under_35,live.com,0.5,7409656,7460548
french,under_35,outlook.com.au,1,7460548,7562330
french,under_35,icloud.com,16,7562330,9190826
french,under_35,me.com,0.2,9190826,9211183
french,under_35,yahoo.com,1.5,9211183,9363856
french,under_35,yahoo.com.au,1,9363856,9465638
french,under_35,ymail.com,0.2,9465638,9485995
french,under_35,bigpond.com,0.4,9485995,9526708
french,under_35,bigpond.net.au,0.1,9526708,9536887
french,under_35,optusnet.com.au,0.3,9536887,9567422
french,under_35,iinet.net.au,0.2,9567422,9587779
french,under_35,tpg.com.au,0.2,9587779,9608136
french,under_35,internode.on.net,0.05,9608136,9613226
french,under_35,westnet.com.au,0.05,9613226,9618316
french,under_35,aol.com,0.05,9618316,9623406
french,under_35,protonmail.com,1,9623406,9725188
french,under_35,hotmail.co.uk,0.4,9725188,9765901
french,under_35,y7mail.com,0.2,9765901,9786258
french,under_35,orange.fr,2,9786258,9989821
french,under_35,xtra.co.nz,0.1,9989821,10000000
french,35_to_54,gmail.com,46,0,4500968
french,35_to_54,outlook.com,8,4500968,5283746
french,35_to_54,hotmail.com,10,5283746,6262218
french,35_to_54,hotmail.com.au,2,6262218,6457913
french,35_to_54,live.com.au,2,6457913,6653608
french,35_to_54,live.com,1,6653608,6751456
french,35_to_54,outlook.com.au,1,6751456,6849304
french,35_to_54,icloud.com,12,6849304,8023470
french,35_to_54,me.com,1,8023470,8121318
french,35_to_54,yahoo.com,3,8121318,8414860
french,35_to_54,yahoo.com.au,3,8414860,8708402
french,35_to_54,ymail.com,0.5,8708402,8757327
french,35_to_54,bigpond.com,2,8757327,8953022
french,35_to_54,bigpond.net.au,0.8,8953022,9031301
french,35_to_54,optusnet.com.au,1.5,9031301,9178073
french,35_to_54,iinet.net.au,1,9178073,9275921
french,35_to_54,tpg.com.au,1,9275921,9373769
french,35_to_54,internode.on.net,0.3,9373769,9403124
french,35_to_54,westnet.com.au,0.2,9403124,9422695
french,35_to_54,aol.com,0.2,9422695,9442265
french,35_to_54,protonmail.com,0.5,9442265,9491190
french,35_to_54,hotmail.co.uk,0.5,9491190,9540115
french,35_to_54,y7mail.com,0.4,9540115,9579255
french,35_to_54,orange.fr,4,9579255,9970645
french,35_to_54,xtra.co.nz,0.3,9970645,10000000
french,55_plus,gmail.com,30,0,2996996
french,55_plus,outlook.com,6,2996996,3596396
french,55_plus,hotmail.com,10,3596396,4595395
french,55_plus,hotmail.com.au,2,4595395,4795196
french,55_plus,live.com.au,1.5,4795196,4945047
french,55_plus,live.com,1,4945047,5044948
french,55_plus,outlook.com.au,0.8,5044948,5124869
french,55_plus,icloud.com,6,5124869,5724269
french,55_plus,me.com,1,5724269,5824170
french,55_plus,yahoo.com,4.5,5824170,6273720
french,55_plus,yahoo.com.au,5,6273720,6773220
french,55_plus,ymail.com,0.3,6773220,6803191
french,55_plus,bigpond.com,9,6803191,7702291
french,55_plus,bigpond.net.au,3.5,7702291,8051941
french,55_plus,optusnet.com.au,5,8051941,8551441
french,55_plus,iinet.net.au,3,8551441,8851142
french,55_plus,tpg.com.au,2.5,8851142,9100893
french,55_plus,internode.on.net,1,9100893,9200794
french,55_plus,westnet.com.au,0.7,9200794,9270725
french,55_plus,aol.com,0.6,9270725,9330666
french,55_plus,protonmail.com,0.1,9330666,9340657
french,55_plus,hotmail.co.uk,0.5,9340657,9390608
french,55_plus,y7mail.com,0.3,9390608,9420579
french,55_plus,orange.fr,5,9420579,9920079
french,55_plus,xtra.co.nz,0.8,9920079,10000000
japanese,under_35,gmail.com,56,0,5530851
japanese,under_35,outlook.com,8,5530851,6320974
japanese,under_35,hotmail.com,7,6320974,7012331
japanese,under_35,hotmail.com.au,0.8,7012331,7091344
japanese,under_35,live.com.au,1,7091344,7190110
japanese,under_35,live.com,0.5,7190110,7239494
japanese,under_35,outlook.com.au,1,7239494,7338260
japanese,under_35,icloud.com,16,7338260,8918504
japanese,under_35,me.com,0.2,8918504,8938258
japanese,under_35,yahoo.com,1.5,8938258,9086407
japanese,under_35,yahoo.com.au,1,9086407,9185173
japanese,under_35,ymail.com,0.2,9185173,9204927
japanese,under_35,bigpond.com,0.4,9204927,9244434
japanese,under_35,bigpond.net.au,0.1,9244434,9254312
japanese,under_35,optusnet.com.au,0.3,9254312,9283943
japanese,under_35,iinet.net.au,0.2,9283943,9303697
japanese,under_35,tpg.com.au,0.2,9303697,9323451
japanese,under_35,internode.on.net,0.05,9323451,9328390
japanese,under_35,westnet.com.au,0.05,9328390,9333329
japanese,under_35,aol.com,0.05,9333329,9338268
japanese,under_35,protonmail.com,1,9338268,9437034
japanese,under_35,hotmail.co.uk,0.4,9437034,9476541
japanese,under_35,y7mail.com,0.2,9476541,9496295
japanese,under_35,yahoo.co.jp,5,9496295,9990122
japanese,under_35,xtra.co.nz,0.1,9990122,10000000
japanese,35_to_54,gmail.com,46,0,4251377
japanese,35_to_54,outlook.com,8,4251377,4990748
japanese,35_to_54,hotmail.com,10,4990748,5914961
japanese,35_to_54,hotmail.com.au,2,5914961,6099804
japanese,35_to_54,live.com.au,2,6099804,6284647
japanese,35_to_54,live.com,1,6284647,6377069
japanese,35_to_54,outlook.com.au,1,6377069,6469491
japanese,35_to_54,icloud.com,12,6469491,7578547
japanese,35_to_54,me.com,1,7578547,7670969
japanese,35_to_54,yahoo.com,3,7670969,7948234
japanese,35_to_54,yahoo.com.au,3,7948234,8225499
japanese,35_to_54,ymail.com,0.5,8225499,8271711
japanese,35_to_54,bigpond.com,2,8271711,8456554
japanese,35_to_54,bigpond.net.au,0.8,8456554,8530492
japanese,35_to_54,optusnet.com.au,1.5,8530492,8669125
japanese,35_to_54,iinet.net.au,1,8669125,8761547
japanese,35_to_54,tpg.com.au,1,8761547,8853969
japanese,35_to_54,internode.on.net,0.3,8853969,8881696
japanese,35_to_54,westnet.com.au,0.2,8881696,8900181
japanese,35_to_54,aol.com,0.2,8900181,8918666
japanese,35_to_54,protonmail.com,0.5,8918666,8964878
japanese,35_to_54,hotmail.co.uk,0.5,8964878,9011090
japanese,35_to_54,y7mail.com,0.4,9011090,9048060
japanese,35_to_54,yahoo.co.jp,10,9048060,9972273
japanese,35_to_54,xtra.co.nz,0.3,9972273,10000000
japanese,55_plus,gmail.com,30,0,2801114
japanese,55_plus,outlook.com,6,2801114,3361338
japanese,55_plus,hotmail.com,10,3361338,4295044
japanese,55_plus,hotmail.com.au,2,4295044,4481786
japanese,55_plus,live.com.au,1.5,4481786,4621843
japanese,55_plus,live.com,1,4621843,4715215
japanese,55_plus,outlook.com.au,0.8,4715215,4789912
japanese,55_plus,icloud.com,6,4789912,5350136
japanese,55_plus,me.com,1,5350136,5443508
japanese,55_plus,yahoo.com,4.5,5443508,5863676
japanese,55_plus,yahoo.com.au,5,5863676,6330529
japanese,55_plus,ymail.com,0.3,6330529,6358541
japanese,55_plus,bigpond.com,9,6358541,7198876
japanese,55_plus,bigpond.net.au,3.5,7198876,7525674
japanese,55_plus,optusnet.com.au,5,7525674,7992527
japanese,55_plus,iinet.net.au,3,7992527,8272639
japanese,55_plus,tpg.com.au,2.5,8272639,8506066
japanese,55_plus,internode.on.net,1,8506066,8599438
japanese,55_plus,westnet.com.au,0.7,8599438,8664798
japanese,55_plus,aol.com,0.6,8664798,8720821
japanese,55_plus,protonmail.com,0.1,8720821,8730159
japanese,55_plus,hotmail.co.uk,0.5,8730159,8776845
japanese,55_plus,y7mail.com,0.3,8776845,8804857
japanese,55_plus,yahoo.co.jp,12,8804857,9925303
japanese,55_plus,xtra.co.nz,0.8,9925303,10000000
indonesian,under_35,gmail.com,56,0,5818169
indonesian,under_35,outlook.com,8,5818169,6649337
indonesian,under_35,hotmail.com,7,6649337,7376609
indonesian,under_35,hotmail.com.au,0.8,7376609,7459727
indonesian,under_35,live.com.au,1,7459727,7563624
indonesian,under_35,live.com,0.5,7563624,7615573
indonesian,under_35,outlook.com.au,1,7615573,7719470
indonesian,under_35,icloud.com,16,7719470,9381805
indonesian,under_35,me.com,0.2,9381805,9402585
indonesian,under_35,yahoo.com,1.5,9402585,9558430
indonesian,under_35,yahoo.com.au,1,9558430,9662327
indonesian,under_35,ymail.com,0.2,9662327,9683107
indonesian,under_35,bigpond.com,0.4,9683107,9724666
indonesian,under_35,bigpond.net.au,0.1,9724666,9735056
indonesian,under_35,optusnet.com.au,0.3,9735056,9766226
indonesian,under_35,iinet.net.au,0.2,9766226,9787006
indonesian,under_35,tpg.com.au,0.2,9787006,9807786
indonesian,under_35,internode.on.net,0.05,9807786,9812982
indonesian,under_35,westnet.com.au,0.05,9812982,9818178
indonesian,under_35,aol.com,0.05,9818178,9823374
indonesian,under_35,protonmail.com,1,9823374,9927271
indonesian,under_35,hotmail.co.uk,0.4,9927271,9968830
indonesian,under_35,y7mail.com,0.2,9968830,9989610
indonesian,under_35,xtra.co.nz,0.1,9989610,10000000
indonesian,35_to_54,gmail.com,46,0,4684307
indonesian,35_to_54,outlook.com,8,4684307,5498970
indonesian,35_to_54,hotmail.com,10,5498970,6517298
indonesian,35_to_54,hotmail.com.au,2,6517298,6720965
indonesian,35_to_54,live.com.au,2,6720965,6924632
indonesian,35_to_54,live.com,1,6924632,7026466
indonesian,35_to_54,outlook.com.au,1,7026466,7128300
indonesian,35_to_54,icloud.com,12,7128300,8350294
indonesian,35_to_54,me.com,1,8350294,8452128
indonesian,35_to_54,yahoo.com,3,8452128,8757627
indonesian,35_to_54,yahoo.com.au,3,8757627,9063126
indonesian,35_to_54,ymail.com,0.5,9063126,9114043
indonesian,35_to_54,bigpond.com,2,9114043,9317709
indonesian,35_to_54,bigpond.net.au,0.8,9317709,9399176
indonesian,35_to_54,optusnet.com.au,1.5,9399176,9551926
indonesian,35_to_54,iinet.net.au,1,9551926,9653760
indonesian,35_to_54,tpg.com.au,1,9653760,9755594
indonesian,35_to_54,internode.on.net,0.3,9755594,9786145
indonesian,35_to_54,westnet.com.au,0.2,9786145,9806513
indonesian,35_to_54,aol.com,0.2,9806513,9826881
indonesian,35_to_54,protonmail.com,0.5,9826881,9877798
indonesian,35_to_54,hotmail.co.uk,0.5,9877798,9928715
indonesian,35_to_54,y7mail.com,0.4,9928715,9969449
indonesian,35_to_54,xtra.co.nz,0.3,9969449,10000000
indonesian,55_plus,gmail.com,30,0,3154568
indonesian,55_plus,outlook.com,6,3154568,3785482
indonesian,55_plus,hotmail.com,10,3785482,4837005
indonesian,55_plus,hotmail.com.au,2,4837005,5047310
indonesian,55_plus,live.com.au,1.5,5047310,5205039
indonesian,55_plus,live.com,1,5205039,5310192
indonesian,55_plus,outlook.com.au,0.8,5310192,5394315
indonesian,55_plus,icloud.com,6,5394315,6025229
indonesian,55_plus,me.com,1,6025229,6130382
indonesian,55_plus,yahoo.com,4.5,6130382,6603568
indonesian,55_plus,yahoo.com.au,5,6603568,7129330
indonesian,55_plus,ymail.com,0.3,7129330,7160877
indonesian,55_plus,bigpond.com,9,7160877,8107248
indonesian,55_plus,bigpond.net.au,3.5,8107248,8475282
indonesian,55_plus,optusnet.com.au,5,8475282,9001044
indonesian,55_plus,iinet.net.au,3,9001044,9316502
indonesian,55_plus,tpg.com.au,2.5,9316502,9579384
indonesian,55_plus,internode.on.net,1,9579384,9684537
indonesian,55_plus,westnet.com.au,0.7,9684537,9758145
indonesian,55_plus,aol.com,0.6,9758145,9821237
indonesian,55_plus,protonmail.com,0.1,9821237,9831753
indonesian,55_plus,hotmail.co.uk,0.5,9831753,9884330
indonesian,55_plus,y7mail.com,0.3,9884330,9915877
indonesian,55_plus,xtra.co.nz,0.8,9915877,10000000
turkish,under_35,gmail.com,56,0,5818169
turkish,under_35,outlook.com,8,5818169,6649337
turkish,under_35,hotmail.com,7,6649337,7376609
turkish,under_35,hotmail.com.au,0.8,7376609,7459727
turkish,under_35,live.com.au,1,7459727,7563624
turkish,under_35,live.com,0.5,7563624,7615573
turkish,under_35,outlook.com.au,1,7615573,7719470
turkish,under_35,icloud.com,16,7719470,9381805
turkish,under_35,me.com,0.2,9381805,9402585
turkish,under_35,yahoo.com,1.5,9402585,9558430
turkish,under_35,yahoo.com.au,1,9558430,9662327
turkish,under_35,ymail.com,0.2,9662327,9683107
turkish,under_35,bigpond.com,0.4,9683107,9724666
turkish,under_35,bigpond.net.au,0.1,9724666,9735056
turkish,under_35,optusnet.com.au,0.3,9735056,9766226
turkish,under_35,iinet.net.au,0.2,9766226,9787006
turkish,under_35,tpg.com.au,0.2,9787006,9807786
turkish,under_35,internode.on.net,0.05,9807786,9812982
turkish,under_35,westnet.com.au,0.05,9812982,9818178
turkish,under_35,aol.com,0.05,9818178,9823374
turkish,under_35,protonmail.com,1,9823374,9927271
turkish,under_35,hotmail.co.uk,0.4,9927271,9968830
turkish,under_35,y7mail.com,0.2,9968830,9989610
turkish,under_35,xtra.co.nz,0.1,9989610,10000000
turkish,35_to_54,gmail.com,46,0,4684307
turkish,35_to_54,outlook.com,8,4684307,5498970
turkish,35_to_54,hotmail.com,10,5498970,6517298
turkish,35_to_54,hotmail.com.au,2,6517298,6720965
turkish,35_to_54,live.com.au,2,6720965,6924632
turkish,35_to_54,live.com,1,6924632,7026466
turkish,35_to_54,outlook.com.au,1,7026466,7128300
turkish,35_to_54,icloud.com,12,7128300,8350294
turkish,35_to_54,me.com,1,8350294,8452128
turkish,35_to_54,yahoo.com,3,8452128,8757627
turkish,35_to_54,yahoo.com.au,3,8757627,9063126
turkish,35_to_54,ymail.com,0.5,9063126,9114043
turkish,35_to_54,bigpond.com,2,9114043,9317709
turkish,35_to_54,bigpond.net.au,0.8,9317709,9399176
turkish,35_to_54,optusnet.com.au,1.5,9399176,9551926
turkish,35_to_54,iinet.net.au,1,9551926,9653760
turkish,35_to_54,tpg.com.au,1,9653760,9755594
turkish,35_to_54,internode.on.net,0.3,9755594,9786145
turkish,35_to_54,westnet.com.au,0.2,9786145,9806513
turkish,35_to_54,aol.com,0.2,9806513,9826881
turkish,35_to_54,protonmail.com,0.5,9826881,9877798
turkish,35_to_54,hotmail.co.uk,0.5,9877798,9928715
turkish,35_to_54,y7mail.com,0.4,9928715,9969449
turkish,35_to_54,xtra.co.nz,0.3,9969449,10000000
turkish,55_plus,gmail.com,30,0,3154568
turkish,55_plus,outlook.com,6,3154568,3785482
turkish,55_plus,hotmail.com,10,3785482,4837005
turkish,55_plus,hotmail.com.au,2,4837005,5047310
turkish,55_plus,live.com.au,1.5,5047310,5205039
turkish,55_plus,live.com,1,5205039,5310192
turkish,55_plus,outlook.com.au,0.8,5310192,5394315
turkish,55_plus,icloud.com,6,5394315,6025229
turkish,55_plus,me.com,1,6025229,6130382
turkish,55_plus,yahoo.com,4.5,6130382,6603568
turkish,55_plus,yahoo.com.au,5,6603568,7129330
turkish,55_plus,ymail.com,0.3,7129330,7160877
turkish,55_plus,bigpond.com,9,7160877,8107248
turkish,55_plus,bigpond.net.au,3.5,8107248,8475282
turkish,55_plus,optusnet.com.au,5,8475282,9001044
turkish,55_plus,iinet.net.au,3,9001044,9316502
turkish,55_plus,tpg.com.au,2.5,9316502,9579384
turkish,55_plus,internode.on.net,1,9579384,9684537
turkish,55_plus,westnet.com.au,0.7,9684537,9758145
turkish,55_plus,aol.com,0.6,9758145,9821237
turkish,55_plus,protonmail.com,0.1,9821237,9831753
turkish,55_plus,hotmail.co.uk,0.5,9831753,9884330
turkish,55_plus,y7mail.com,0.3,9884330,9915877
turkish,55_plus,xtra.co.nz,0.8,9915877,10000000
