formal_name,nickname
William,Will
William,Bill
Elizabeth,Liz
Elizabeth,Beth
Robert,Rob
Robert,Bob
Katherine,Kate
Catherine,Cath
Michael,Mike
Michael,Mick
Christopher,Chris
Jennifer,Jen
Matthew,Matt
Alexander,Alex
Samantha,Sam
Samuel,Sam
Benjamin,Ben
Daniel,Dan
Jessica,Jess
Rebecca,Bec
Thomas,Tom
James,Jim
James,Jimmy
Nicholas,Nick
Anthony,Tony
Stephen,Steve
Steven,Steve
Patrick,Pat
Margaret,Maggie
Victoria,Tori
Joseph,Joe
Andrew,Andy
Edward,Ed
Charlotte,Charlie
Olivia,Liv
Isabella,Bella
Jonathan,Jon
Timothy,Tim
Zachary,Zac
Joshua,Josh
Gregory,Greg
Peter,Pete
Richard,Rich
David,Dave
Jacqueline,Jackie
Deborah,Deb
Kimberley,Kim
Natalie,Nat
Alexandra,Alex
Christina,Tina
Kathleen,Kath
Susan,Sue
Patricia,Trish
Barbara,Barb
Frances,Fran
Anthony,Ant
Nathan,Nate
Jacob,Jake
Harrison,Harry
Henry,Harry
Madeleine,Maddie
Madison,Maddy
Abigail,Abby
Georgia,George
Eleanor,Ellie
Gabrielle,Gabby
Sophia,Soph
Isabelle,Izzy
Lachlan,Lachie
Mitchell,Mitch
Cameron,Cam
Bradley,Brad
Douglas,Doug
Kenneth,Ken
Raymond,Ray
Ronald,Ron
Gerald,Gerry
Lawrence,Larry
Theodore,Theo
Frederick,Fred
Konstantinos,Con
Georgios,George
Giuseppe,Joe
Giovanni,John
Salvatore,Sam
