street_name,has_type,weight,lo,hi
Acacia,False,0.0673467,0,27660
Addison,False,0.0458128,27660,46476
Albert,False,0.0821826,46476,80228
Albion,False,0.0452663,80228,98819
Alexander,False,0.0794328,98819,131442
Alfred,False,0.0841718,131442,166011
Alison,False,0.060921,166011,191032
Anderson,False,0.0589467,191032,215242
Annandale,False,0.0538118,215242,237343
Anzac,False,0.0467664,237343,256550
Archer,False,0.10332,256550,298983
Arden,False,0.0831604,298983,333137
Argyle,False,0.0617645,333137,358504
Arthur,False,0.0990054,358504,399165
Ash,False,0.123235,399165,449777
Australia,False,0.0551708,449777,472436
Avoca,False,0.0937395,472436,510935
Balmain,False,0.0781519,510935,543032
Banks,False,0.159979,543032,608735
Banksia,False,0.0684701,608735,636856
Barrenjoey,False,0.0459057,636856,655710
Bass,False,0.137243,655710,712075
Bay,False,0.225502,712075,804687
Bayswater,False,0.0642651,804687,831081
Bayview,False,0.0576675,831081,854765
Beach,False,0.058206,854765,878671
Beach Road,True,0.0798731,878671,911475
Beaconsfield,False,0.0463783,911475,930523
Beattie,False,0.0536665,930523,952564
Beecroft,False,0.0512278,952564,973604
Belgrave,False,0.0628666,973604,999424
Belmont,False,0.0885936,999424,1035809
Belmore,False,0.0696479,1035809,1064414
Ben Boyd,False,0.0874272,1064414,1100320
Berry,False,0.0998276,1100320,1141319
Blackbutt,False,0.0578454,1141319,1165076
Blaxland,False,0.0566312,1165076,1188335
Bligh,False,0.0773296,1188335,1220094
Blues Point,False,0.154022,1220094,1283350
Bondi,False,0.0494184,1283350,1303647
Booth,False,0.0958976,1303647,1343032
Boronia,False,0.0484156,1343032,1362917
Botany,False,0.0465712,1362917,1382044
Bottlebrush,False,0.0561323,1382044,1405098
Boundary,False,0.0621987,1405098,1430643
Bourke,False,0.0715267,1430643,1460019
Bradleys Head,False,0.203986,1460019,1543795
Bridge,False,0.192501,1543795,1622854
Brighton,False,0.057491,1622854,1646466
Bunnerong,False,0.102415,1646466,1688528
Burren,False,0.0769275,1688528,1720122
Burwood,False,0.0725212,1720122,1749907
Cabramatta,False,0.0657551,1749907,1776913
Camellia,False,0.0649981,1776913,1803608
Campbell,False,0.166634,1803608,1872044
Canterbury,False,0.109269,1872044,1916920
Carlingford,False,0.055015,1916920,1939515
Carrington,False,0.045177,1939515,1958070
Castlereagh,False,0.0880049,1958070,1994214
Casuarina,False,0.0485242,1994214,2014143
Cedar,False,0.0455373,2014143,2032846
Chalmers,False,0.0553278,2032846,2055569
Chapel,False,0.0637893,2055569,2081768
Charles,False,0.0662738,2081768,2108987
Church,False,0.342923,2108987,2249822
Clarence,False,0.124767,2249822,2301064
Cleveland,False,0.0453561,2301064,2319692
Cliff,False,0.0966487,2319692,2359385
Clovelly,False,0.0812364,2359385,2392749
Commonwealth,False,0.115037,2392749,2439994
Concord,False,0.0495334,2439994,2460338
Condamine,False,0.0718539,2460338,2489849
Coogee Bay,False,0.10718,2489849,2533868
Cook,False,0.0712036,2533868,2563111
Cooper,False,0.101532,2563111,2604810
Cowper,False,0.106177,2604810,2648417
Crown,False,0.0690519,2648417,2676777
Crystal,False,0.0852186,2676777,2711776
Culloden,False,0.0917128,2711776,2749442
Cumberland,False,0.0562972,2749442,2772564
Curlewis,False,0.0619805,2772564,2798020
Currawong,False,0.0702586,2798020,2826875
Dampier,False,0.0528177,2826875,2848568
Darley,False,0.0448247,2848568,2866978
Darling,False,0.0633232,2866978,2892985
Denison,False,0.0459992,2892985,2911877
Denistone,False,0.146156,2911877,2971903
Devonshire,False,0.111477,2971903,3017686
Dudley,False,0.148651,3017686,3078736
Eastbourne,False,0.0615505,3078736,3104015
Eastern,False,0.0470636,3104015,3123344
Eastwood,False,0.0593271,3123344,3147710
Edgecliff,False,0.0483077,3147710,3167550
Edward,False,0.0501203,3167550,3188135
Elizabeth,False,0.110357,3188135,3233458
Elizabeth Bay,False,0.0668042,3233458,3260895
Elm,False,0.0491905,3260895,3281098
Enmore,False,0.0554861,3281098,3303886
Epping,False,0.187404,3303886,3380852
Erskineville,False,0.0708846,3380852,3409964
Eucalyptus,False,0.0526799,3409964,3431600
Evans,False,0.131482,3431600,3485599
Ewenton,False,0.0456286,3485599,3504339
Fairview,False,0.0496492,3504339,3524730
Falcon,False,0.10821,3524730,3569172
Fitzroy,False,0.0477782,3569172,3588795
Flinders,False,0.0836618,3588795,3623155
Forbes,False,0.126355,3623155,3675049
Foveaux,False,0.0732062,3675049,3705115
Francis,False,0.128001,3705115,3757684
Frangipani,False,0.143776,3757684,3816732
Frenchmans,False,0.058759,3816732,3840865
Gardeners,False,0.0556457,3840865,3863719
George,False,0.466516,3863719,4055313
Glebe Point,False,0.0486335,4055313,4075287
Glenayr,False,0.117596,4075287,4123583
Glenmore,False,0.113815,4123583,4170326
Gloucester,False,0.0454465,4170326,4188991
Grand Parade,True,0.0611288,4188991,4214097
Grandview,False,0.0601091,4214097,4238784
Great North,False,0.0739099,4238784,4269139
Grevillea,False,0.059136,4269139,4293426
Grosvenor,False,0.0891935,4293426,4330058
Hakea,False,0.0493041,4330058,4350308
Haldon,False,0.0785724,4350308,4382578
Hall,False,0.0533793,4382578,4404501
Hampden,False,0.066013,4404501,4431613
Hampton,False,0.112628,4431613,4477869
Hargrave,False,0.0524072,4477869,4499393
Harrington,False,0.0539581,4499393,4521554
Harris,False,0.0450882,4521554,4540072
Hawkesbury,False,0.0530964,4540072,4561879
Hawthorne,False,0.135244,4561879,4617423
Heath,False,0.0476742,4617423,4637003
Help,False,0.0564635,4637003,4660193
Hereford,False,0.0513552,4660193,4681285
Heron,False,0.0545549,4681285,4703691
Herring,False,0.0460931,4703691,4722622
Hibiscus,False,0.0518737,4722622,4743927
High,False,0.31864,4743927,4874790
Hill,False,0.0521385,4874790,4896204
Hillcrest,False,0.0449121,4896204,4914650
Holtermann,False,0.0558066,4914650,4937570
Homebush,False,0.0511013,4937570,4958558
Hopetoun,False,0.1052,4958558,5001764
Hume,False,0.18267,5001764,5076786
Hunter,False,0.104248,5076786,5119601
Illawarra,False,0.0488542,5119601,5139666
Iris,False,0.0607151,5139666,5164602
Ironbark,False,0.0826674,5164602,5198554
Jacaranda,False,0.151269,5198554,5260680
Jersey,False,0.0665375,5260680,5288007
John,False,0.0569707,5288007,5311405
Johnston,False,0.0679018,5311405,5339292
Kalang,False,0.120322,5339292,5388708
Kensington,False,0.0503606,5388708,5409391
Kent,False,0.0910643,5409391,5446791
Khartoum,False,0.064026,5446791,5473087
King,False,0.412635,5473087,5642553
Kissing Point,False,0.0693481,5642553,5671034
Kookaburra,False,0.0746329,5671034,5701686
Kurraba,False,0.0944436,5701686,5740474
Kurrajong,False,0.174134,5740474,5811990
Lakemba,False,0.0466686,5811990,5831157
Lane Cove,False,0.0498832,5831157,5851644
Lang,False,0.0489655,5851644,5871755
Lavender,False,0.086303,5871755,5907200
Lawson,False,0.0500013,5907200,5927736
Lilac,False,0.0520056,5927736,5949095
Lilli Pilli,False,0.0506041,5949095,5969879
Lindsay,False,0.0580249,5969879,5993710
Liverpool,False,0.0655,5993710,6020611
Livingstone,False,0.0490777,6020611,6040768
Long,False,0.05024,6040768,6061402
Lorikeet,False,0.0462827,6061402,6080411
Lower Fort,False,0.0461876,6080411,6099381
Lyons,False,0.050851,6099381,6120266
Macarthur,False,0.116296,6120266,6168029
Macquarie,False,0.0449999,6168029,6186511
Magnolia,False,0.129709,6186511,6239782
Malvern,False,0.0652477,6239782,6266579
Marine,False,0.0687593,6266579,6294819
Market,False,0.0982019,6294819,6335150
Marrickville,False,0.0583887,6335150,6359131
Marsden,False,0.0735557,6359131,6389340
Melaleuca,False,0.0846907,6389340,6424122
Merton,False,0.0471638,6424122,6443493
Military,False,0.047988,6443493,6463202
Miller,False,0.133326,6463202,6517958
Mitchell,False,0.0514834,6517958,6539103
Mona Vale,False,0.0817056,6539103,6572660
Moncur,False,0.0626417,6572660,6598387
Montague,False,0.0647512,6598387,6624981
Moore,False,0.0547071,6624981,6647450
Mort,False,0.163211,6647450,6714480
Mullens,False,0.0742689,6714480,6744982
Myrtle,False,0.09305,6744982,6783198
Nelson,False,0.0603092,6783198,6807967
New South Head,False,0.0559688,6807967,6830954
Northcote,False,0.141502,6830954,6889068
Norton,False,0.121754,6889068,6939072
Oak,False,0.0645069,6939072,6965565
Oaks,False,0.0595199,6965565,6990010
Ocean,False,0.234223,6990010,7086204
Ocean Street North,True,0.0599109,7086204,7110810
Old South Head,False,0.0803204,7110810,7143798
Ourimbah,False,0.0535224,7143798,7165780
Oxford,False,0.0478828,7165780,7185446
Oxley,False,0.0504819,7185446,7206179
Pacific,False,0.046964,7206179,7225468
Pacific Highway,True,0.0541056,7225468,7247690
Palmer,False,0.0757557,7247690,7278803
Park,False,0.281838,7278803,7394552
Parramatta,False,0.0923746,7394552,7432490
Pelican,False,0.170268,7432490,7502418
Pennant,False,0.0447378,7502418,7520792
Pennant Hills,False,0.0548604,7520792,7543324
Phillip,False,0.0705697,7543324,7572307
Pine,False,0.0573161,7572307,7595847
Pitt,False,0.0464745,7595847,7614935
Pittwater,False,0.0516126,7614935,7636133
Punchbowl,False,0.100669,7636133,7677478
Queen,False,0.243967,7677478,7777673
Raglan,False,0.0699514,7777673,7806402
Railway,False,0.267445,7806402,7916239
Railway Parade,True,0.0480939,7916239,7935992
Ramsay,False,0.217638,7935992,8025374
Rawson,False,0.054404,8025374,8047718
Richmond,False,0.0507271,8047718,8068552
Riley,False,0.0750019,8068552,8099355
Riverview,False,0.0475709,8099355,8118893
Robin,False,0.0597145,8118893,8143418
Rookwood,False,0.0457205,8143418,8162196
Rose,False,0.0807747,8162196,8195370
Rosella,False,0.0765313,8195370,8226801
Rowe,False,0.139326,8226801,8284022
Ryde,False,0.0624191,8284022,8309658
Seaview,False,0.0670739,8309658,8337205
Shirley,False,0.178258,8337205,8410415
Short,False,0.0681843,8410415,8438418
Smith,False,0.085756,8438418,8473638
Solander,False,0.0522724,8473638,8495107
Southend,False,0.0789993,8495107,8527552
Spofforth,False,0.0532373,8527552,8549417
Stanley,False,0.0951628,8549417,8588500
Station,False,0.298653,8588500,8711154
Strathfield,False,0.0777377,8711154,8743081
Sturt,False,0.0676227,8743081,8770854
Sunnyside,False,0.0761407,8770854,8802125
Sussex,False,0.0529565,8802125,8823875
Sydney,False,0.118937,8823875,8872722
Talavera,False,0.0472647,8872722,8892134
Tallowwood,False,0.052543,8892134,8913714
Tasman,False,0.08686,8913714,8949387
Terry,False,0.0542542,8949387,8971670
The Avenue,True,0.0468649,8971670,8990918
The Boulevarde,True,0.0487435,8990918,9010937
The Corso,True,0.2105,9010937,9097388
The Crescent,True,0.0630937,9097388,9123301
The Esplanade,True,0.0974166,9123301,9163310
The Strand,True,0.0753762,9163310,9194267
Victoria,False,0.373265,9194267,9347563
Violet,False,0.089805,9347563,9384446
Walker,False,0.063555,9384446,9410548
Waratah,False,0.198009,9410548,9491869
Warrigal,False,0.0517427,9491869,9513120
Waterloo,False,0.156921,9513120,9577567
Wattle,False,0.0474682,9577567,9597063
Wellington,False,0.0613386,9597063,9622255
Wells,False,0.0904285,9622255,9659394
Wentworth,False,0.0473661,9659394,9678848
Westbourne,False,0.0728614,9678848,9708772
Whistler,False,0.0482005,9708772,9728568
William,False,0.254947,9728568,9833273
Willoughby,False,0.0497658,9833273,9853712
Willow,False,0.0721854,9853712,9883359
Wilson,False,0.0568002,9883359,9906687
Wolseley,False,0.0509757,9906687,9927623
Womerah,False,0.0571427,9927623,9951092
Wren,False,0.0585731,9951092,9975148
York,False,0.0605112,9975148,10000000
